{"stats":{"minecraft:broken":{"minecraft:golden_axe":1},"minecraft:used":{"minecraft:apple":1,"minecraft:stone_sword":8,"minecraft:stone_pickaxe":13,"minecraft:bread":5,"minecraft:stone_axe":25,"minecraft:cooked_beef":9,"minecraft:golden_axe":27},"minecraft:dropped":{"gravestone:obituary":1},"minecraft:mined":{"iceandfire:silver_ore":2,"minecraft:birch_log":23,"minecraft:iron_ore":1,"gravestone:gravestone":2,"minecraft:grass_block":2,"minecraft:oak_log":16,"minecraft:coal_ore":2,"minecraft:stone_slab":1,"minecraft:tall_grass":2,"minecraft:copper_ore":1,"minecraft:cobblestone":3,"minecraft:stone":2},"minecraft:killed":{"minecraft:skeleton":1},"minecraft:killed_by":{"minecraft:zombified_piglin":1},"minecraft:picked_up":{"minecraft:birch_log":23,"minecraft:raw_iron":4,"minecraft:stick":3,"minecraft:cooked_beef":9,"minecraft:stone_slab":1,"minecraft:wooden_pickaxe":1,"graveyard:dark_iron_block":1,"minecraft:oak_log":16,"gravestone:obituary":1,"minecraft:dirt":2,"minecraft:raw_copper":31,"minecraft:bone":1,"minecraft:apple":1,"minecraft:stone_axe":1,"minecraft:orange_tulip":2,"minecraft:bread":6,"alexsmobs:maggot":2,"minecraft:oak_sapling":3,"minecraft:birch_sapling":1,"minecraft:coal":3,"iceandfire:raw_silver":2,"minecraft:cobblestone":7},"minecraft:custom":{"minecraft:time_since_rest":2253,"minecraft:sprint_one_cm":105579,"minecraft:damage_taken":2961,"minecraft:walk_one_cm":315710,"minecraft:mob_kills":1,"minecraft:drop":1,"minecraft:damage_dealt":623,"minecraft:swim_one_cm":5134,"minecraft:interact_with_crafting_table":1,"minecraft:fly_one_cm":17513,"minecraft:open_chest":4,"minecraft:crouch_one_cm":278,"minecraft:play_time":65242,"minecraft:deaths":5,"minecraft:sneak_time":49,"minecraft:walk_under_water_one_cm":32956,"minecraft:jump":571,"minecraft:leave_game":5,"minecraft:time_since_death":2210,"minecraft:walk_on_water_one_cm":28451,"minecraft:total_world_time":65242,"minecraft:climb_one_cm":691,"minecraft:fall_one_cm":14634}},"DataVersion":3465}