{"stats":{"minecraft:killed":{"minecraft:skeleton":1},"minecraft:custom":{"minecraft:jump":75,"minecraft:time_since_rest":11038,"minecraft:damage_dealt":34,"minecraft:damage_taken":478,"minecraft:leave_game":2,"minecraft:crouch_one_cm":114,"minecraft:time_since_death":11038,"minecraft:play_time":11038,"minecraft:sprint_one_cm":10744,"minecraft:walk_on_water_one_cm":7120,"minecraft:walk_one_cm":42217,"minecraft:sneak_time":17,"minecraft:total_world_time":11038,"minecraft:walk_under_water_one_cm":304,"minecraft:mob_kills":1,"minecraft:interact_with_crafting_table":1,"minecraft:fall_one_cm":4122,"minecraft:fly_one_cm":2444},"minecraft:used":{"minecraft:cooked_beef":5},"minecraft:picked_up":{"minecraft:cooked_beef":5,"minecraft:bone":1,"minecraft:stone_axe":1,"minecraft:wooden_pickaxe":1}},"DataVersion":3465}