{"stats":{"minecraft:broken":{"minecraft:golden_axe":1},"minecraft:used":{"minecraft:stone_axe":25,"minecraft:stone_sword":5,"minecraft:stone_pickaxe":3,"minecraft:cooked_beef":9,"minecraft:golden_axe":27},"minecraft:mined":{"minecraft:oak_log":16,"minecraft:birch_log":23,"minecraft:tall_grass":2,"minecraft:cobblestone":3},"minecraft:killed":{"minecraft:skeleton":1},"minecraft:picked_up":{"minecraft:birch_log":23,"minecraft:stick":3,"minecraft:cooked_beef":9,"minecraft:bone":1,"minecraft:apple":1,"minecraft:stone_axe":1,"minecraft:wooden_pickaxe":1,"minecraft:oak_log":16,"minecraft:oak_sapling":3,"minecraft:birch_sapling":1},"minecraft:custom":{"minecraft:open_chest":4,"minecraft:time_since_rest":1753,"minecraft:deaths":2,"minecraft:crouch_one_cm":271,"minecraft:sprint_one_cm":67079,"minecraft:play_time":41533,"minecraft:damage_taken":1708,"minecraft:walk_one_cm":208620,"minecraft:sneak_time":34,"minecraft:walk_under_water_one_cm":12605,"minecraft:mob_kills":1,"minecraft:jump":275,"minecraft:damage_dealt":525,"minecraft:leave_game":4,"minecraft:walk_on_water_one_cm":19362,"minecraft:time_since_death":1707,"minecraft:climb_one_cm":16,"minecraft:total_world_time":41533,"minecraft:interact_with_crafting_table":1,"minecraft:fall_one_cm":7820,"minecraft:fly_one_cm":9800}},"DataVersion":3465}