{"stats":{"minecraft:used":{"minecraft:stone_axe":2,"minecraft:cooked_beef":5,"minecraft:golden_axe":7},"minecraft:mined":{"minecraft:tall_grass":2},"minecraft:killed":{"minecraft:skeleton":1},"minecraft:picked_up":{"minecraft:cooked_beef":5,"minecraft:bone":1,"minecraft:stone_axe":1,"minecraft:wooden_pickaxe":1},"minecraft:custom":{"minecraft:open_chest":4,"minecraft:time_since_rest":29906,"minecraft:crouch_one_cm":176,"minecraft:sprint_one_cm":53597,"minecraft:play_time":29906,"minecraft:damage_taken":654,"minecraft:walk_one_cm":131234,"minecraft:sneak_time":21,"minecraft:walk_under_water_one_cm":12285,"minecraft:mob_kills":1,"minecraft:jump":188,"minecraft:damage_dealt":456,"minecraft:leave_game":3,"minecraft:walk_on_water_one_cm":16548,"minecraft:time_since_death":29906,"minecraft:total_world_time":29906,"minecraft:interact_with_crafting_table":1,"minecraft:fall_one_cm":5556,"minecraft:fly_one_cm":6053}},"DataVersion":3465}