{"stats":{"minecraft:killed":{"minecraft:witch":2,"minecraft:spider":4,"minecraft:skeleton":2,"minecraft:sheep":1,"alexsmobs:cockroach":1,"minecraft:zombie":8,"alexsmobs:fly":1,"minecraft:drowned":1},"minecraft:custom":{"minecraft:mob_kills":22,"minecraft:interact_with_crafting_table":6,"minecraft:open_barrel":1,"minecraft:damage_dealt_resisted":3,"minecraft:leave_game":10,"minecraft:time_since_death":8649,"minecraft:sleep_in_bed":1,"minecraft:climb_one_cm":691,"minecraft:time_since_rest":8707,"minecraft:sprint_one_cm":332045,"minecraft:damage_taken":7114,"minecraft:walk_one_cm":1114864,"minecraft:drop":6,"minecraft:damage_dealt":3228,"minecraft:damage_dealt_absorbed":40,"minecraft:swim_one_cm":21856,"minecraft:fly_one_cm":40633,"minecraft:open_chest":15,"minecraft:crouch_one_cm":1107,"minecraft:play_time":212440,"minecraft:sneak_time":612,"minecraft:deaths":10,"minecraft:walk_under_water_one_cm":64676,"minecraft:boat_one_cm":41441,"minecraft:jump":1196,"minecraft:walk_on_water_one_cm":65221,"minecraft:total_world_time":212440,"minecraft:fall_one_cm":22329},"minecraft:used":{"minecraft:stone_sword":8,"minecraft:stone_pickaxe":13,"minecraft:iron_sword":74,"minecraft:rotten_flesh":4,"minecraft:torch":3,"minecraft:dirt":3,"alexsmobs:maggot":3,"minecraft:apple":3,"minecraft:bread":5,"minecraft:iron_axe":39,"minecraft:iron_pickaxe":21,"minecraft:stone_axe":25,"minecraft:bow":41,"minecraft:cobblestone":2,"minecraft:andesite_stairs":3,"minecraft:cooked_beef":19,"minecraft:golden_axe":27},"minecraft:broken":{"minecraft:golden_axe":1},"minecraft:crafted":{"minecraft:iron_helmet":1,"minecraft:iron_sword":1,"minecraft:iron_chestplate":1,"minecraft:iron_axe":1,"minecraft:iron_pickaxe":1,"minecraft:iron_leggings":1},"minecraft:picked_up":{"minecraft:birch_log":23,"minecraft:coarse_dirt":1,"minecraft:cooked_beef":21,"minecraft:anvil":1,"minecraft:yellow_wool":1,"minecraft:stone_slab":1,"minecraft:wooden_pickaxe":1,"minecraft:potato":1,"minecraft:nether_brick":29,"minecraft:oak_log":16,"gravestone:obituary":1,"minecraft:dirt":20,"minecraft:string":21,"minecraft:moss_carpet":10,"minecraft:raw_copper":31,"minecraft:bone":6,"minecraft:apple":1,"minecraft:bow":2,"minecraft:orange_tulip":2,"minecraft:wheat_seeds":6,"minecraft:andesite_stairs":3,"minecraft:iron_ingot":71,"minecraft:iron_pickaxe":1,"minecraft:birch_sapling":1,"minecraft:iron_boots":1,"minecraft:dark_oak_door":2,"minecraft:stick":52,"minecraft:raw_iron":4,"minecraft:torch":3,"graveyard:dark_iron_block":1,"minecraft:sand":34,"minecraft:honeycomb_block":1,"minecraft:spruce_sapling":7,"minecraft:spruce_log":3,"minecraft:spider_eye":3,"minecraft:mossy_cobblestone":12,"minecraft:arrow":32,"minecraft:rotten_flesh":17,"minecraft:stone_axe":1,"minecraft:nether_bricks":1,"minecraft:iron_helmet":1,"minecraft:bread":6,"alexsmobs:maggot":5,"minecraft:oak_sapling":3,"minecraft:skeleton_skull":1,"minecraft:iron_bars":2,"minecraft:coal":3,"iceandfire:raw_silver":2,"minecraft:cobblestone":9},"minecraft:killed_by":{"minecraft:zombified_piglin":1,"minecraft:zombie":1},"minecraft:mined":{"minecraft:podzol":1,"minecraft:glass_pane":1,"iceandfire:silver_ore":2,"minecraft:andesite_stairs":2,"gravestone:gravestone":6,"minecraft:grass_block":3,"minecraft:stone_slab":1,"minecraft:tall_grass":2,"minecraft:copper_ore":1,"minecraft:cobblestone":3,"minecraft:spruce_leaves":53,"minecraft:birch_log":23,"minecraft:iron_ore":1,"minecraft:moss_carpet":11,"minecraft:grass":12,"minecraft:oak_log":16,"minecraft:coal_ore":2,"minecraft:stone":2,"minecraft:fern":5},"minecraft:dropped":{"minecraft:cobblestone":1,"gravestone:obituary":1,"minecraft:sand":17,"minecraft:bow":1,"minecraft:iron_pickaxe":1,"minecraft:bone":1}},"DataVersion":3465}