{"stats":{"minecraft:broken":{"minecraft:golden_axe":1},"minecraft:used":{"minecraft:apple":1,"minecraft:stone_sword":8,"minecraft:stone_pickaxe":13,"minecraft:bread":5,"minecraft:stone_axe":25,"minecraft:cobblestone":2,"minecraft:bow":39,"minecraft:cooked_beef":14,"minecraft:golden_axe":27},"minecraft:dropped":{"minecraft:cobblestone":1,"gravestone:obituary":1,"minecraft:bow":1},"minecraft:mined":{"iceandfire:silver_ore":2,"minecraft:birch_log":23,"minecraft:iron_ore":1,"gravestone:gravestone":3,"minecraft:grass":4,"minecraft:grass_block":3,"minecraft:oak_log":16,"minecraft:coal_ore":2,"minecraft:stone_slab":1,"minecraft:tall_grass":2,"minecraft:copper_ore":1,"minecraft:cobblestone":3,"minecraft:stone":2},"minecraft:killed":{"minecraft:sheep":1,"minecraft:skeleton":2,"minecraft:zombie":2,"minecraft:spider":1,"minecraft:drowned":1},"minecraft:killed_by":{"minecraft:zombified_piglin":1},"minecraft:picked_up":{"minecraft:birch_log":23,"minecraft:raw_iron":4,"minecraft:stick":3,"minecraft:cooked_beef":16,"minecraft:anvil":1,"minecraft:yellow_wool":1,"minecraft:torch":3,"minecraft:stone_slab":1,"minecraft:wooden_pickaxe":1,"minecraft:potato":1,"graveyard:dark_iron_block":1,"minecraft:nether_brick":29,"minecraft:oak_log":16,"gravestone:obituary":1,"minecraft:string":2,"minecraft:dirt":5,"minecraft:raw_copper":31,"minecraft:arrow":30,"minecraft:bone":2,"minecraft:rotten_flesh":7,"minecraft:apple":1,"minecraft:bow":2,"minecraft:stone_axe":1,"minecraft:orange_tulip":2,"minecraft:nether_bricks":1,"minecraft:bread":6,"alexsmobs:maggot":2,"minecraft:oak_sapling":3,"minecraft:birch_sapling":1,"minecraft:coal":3,"minecraft:iron_boots":1,"iceandfire:raw_silver":2,"minecraft:cobblestone":9},"minecraft:custom":{"minecraft:time_since_rest":14099,"minecraft:sprint_one_cm":165068,"minecraft:damage_taken":4599,"minecraft:walk_one_cm":490012,"minecraft:mob_kills":8,"minecraft:drop":3,"minecraft:damage_dealt":802,"minecraft:damage_dealt_absorbed":40,"minecraft:swim_one_cm":21856,"minecraft:interact_with_crafting_table":1,"minecraft:fly_one_cm":26740,"minecraft:open_chest":8,"minecraft:crouch_one_cm":559,"minecraft:play_time":101242,"minecraft:deaths":6,"minecraft:sneak_time":481,"minecraft:walk_under_water_one_cm":51244,"minecraft:boat_one_cm":41441,"minecraft:jump":832,"minecraft:leave_game":5,"minecraft:time_since_death":14047,"minecraft:walk_on_water_one_cm":61569,"minecraft:total_world_time":101242,"minecraft:climb_one_cm":691,"minecraft:fall_one_cm":16241}},"DataVersion":3465}