{"stats":{"minecraft:broken":{"minecraft:golden_axe":1},"minecraft:used":{"minecraft:apple":1,"minecraft:stone_sword":6,"minecraft:stone_pickaxe":13,"minecraft:stone_axe":25,"minecraft:cooked_beef":9,"minecraft:golden_axe":27},"minecraft:dropped":{"gravestone:obituary":1},"minecraft:mined":{"iceandfire:silver_ore":2,"minecraft:iron_ore":1,"minecraft:birch_log":23,"gravestone:gravestone":2,"minecraft:coal_ore":2,"minecraft:grass_block":1,"minecraft:oak_log":16,"minecraft:stone_slab":1,"minecraft:copper_ore":1,"minecraft:tall_grass":2,"minecraft:cobblestone":3,"minecraft:stone":2},"minecraft:killed":{"minecraft:skeleton":1},"minecraft:picked_up":{"minecraft:birch_log":23,"minecraft:raw_iron":4,"minecraft:stick":3,"minecraft:cooked_beef":9,"minecraft:stone_slab":1,"minecraft:wooden_pickaxe":1,"minecraft:oak_log":16,"gravestone:obituary":1,"minecraft:dirt":1,"minecraft:raw_copper":31,"minecraft:bone":1,"minecraft:apple":1,"minecraft:stone_axe":1,"minecraft:orange_tulip":2,"minecraft:oak_sapling":3,"minecraft:birch_sapling":1,"minecraft:coal":3,"iceandfire:raw_silver":2,"minecraft:cobblestone":2},"minecraft:custom":{"minecraft:time_since_rest":11788,"minecraft:sprint_one_cm":92646,"minecraft:damage_taken":2189,"minecraft:walk_one_cm":254154,"minecraft:mob_kills":1,"minecraft:drop":1,"minecraft:damage_dealt":525,"minecraft:interact_with_crafting_table":1,"minecraft:fly_one_cm":14104,"minecraft:open_chest":4,"minecraft:crouch_one_cm":278,"minecraft:play_time":51568,"minecraft:deaths":2,"minecraft:sneak_time":49,"minecraft:walk_under_water_one_cm":21178,"minecraft:jump":429,"minecraft:leave_game":4,"minecraft:walk_on_water_one_cm":24056,"minecraft:time_since_death":11742,"minecraft:climb_one_cm":691,"minecraft:total_world_time":51568,"minecraft:fall_one_cm":12074}},"DataVersion":3465}