{"stats":{"minecraft:crafted":{"minecraft:iron_helmet":1,"minecraft:iron_sword":1,"minecraft:iron_chestplate":1,"minecraft:iron_axe":1,"minecraft:iron_pickaxe":1,"minecraft:iron_leggings":1},"minecraft:broken":{"minecraft:golden_axe":1},"minecraft:used":{"minecraft:stone_sword":8,"minecraft:stone_pickaxe":13,"minecraft:iron_sword":1,"minecraft:rotten_flesh":4,"minecraft:torch":3,"minecraft:apple":1,"minecraft:bread":5,"minecraft:stone_axe":25,"minecraft:cobblestone":2,"minecraft:bow":39,"minecraft:cooked_beef":17,"minecraft:golden_axe":27},"minecraft:dropped":{"minecraft:cobblestone":1,"gravestone:obituary":1,"minecraft:bow":1,"minecraft:bone":1},"minecraft:mined":{"minecraft:podzol":1,"iceandfire:silver_ore":2,"gravestone:gravestone":3,"minecraft:grass_block":3,"minecraft:stone_slab":1,"minecraft:copper_ore":1,"minecraft:tall_grass":2,"minecraft:cobblestone":3,"minecraft:birch_log":23,"minecraft:iron_ore":1,"minecraft:grass":4,"minecraft:coal_ore":2,"minecraft:oak_log":16,"minecraft:stone":2},"minecraft:killed":{"minecraft:spider":1,"minecraft:skeleton":2,"minecraft:sheep":1,"minecraft:zombie":2,"minecraft:drowned":1},"minecraft:killed_by":{"minecraft:zombified_piglin":1},"minecraft:picked_up":{"minecraft:birch_log":23,"minecraft:cooked_beef":21,"minecraft:anvil":1,"minecraft:yellow_wool":1,"minecraft:stone_slab":1,"minecraft:wooden_pickaxe":1,"minecraft:potato":1,"minecraft:nether_brick":29,"minecraft:oak_log":16,"gravestone:obituary":1,"minecraft:dirt":8,"minecraft:string":12,"minecraft:raw_copper":31,"minecraft:bone":4,"minecraft:apple":1,"minecraft:bow":2,"minecraft:orange_tulip":2,"minecraft:wheat_seeds":1,"minecraft:iron_ingot":71,"minecraft:birch_sapling":1,"minecraft:iron_boots":1,"minecraft:stick":42,"minecraft:raw_iron":4,"minecraft:torch":3,"graveyard:dark_iron_block":1,"minecraft:sand":17,"minecraft:spider_eye":1,"minecraft:arrow":32,"minecraft:rotten_flesh":9,"minecraft:stone_axe":1,"minecraft:nether_bricks":1,"minecraft:iron_helmet":1,"minecraft:bread":6,"alexsmobs:maggot":2,"minecraft:oak_sapling":3,"minecraft:skeleton_skull":1,"minecraft:coal":3,"iceandfire:raw_silver":2,"minecraft:cobblestone":9},"minecraft:custom":{"minecraft:mob_kills":9,"minecraft:interact_with_crafting_table":6,"minecraft:damage_dealt_resisted":3,"minecraft:leave_game":6,"minecraft:time_since_death":30663,"minecraft:climb_one_cm":691,"minecraft:time_since_rest":30715,"minecraft:sprint_one_cm":173706,"minecraft:damage_taken":5280,"minecraft:walk_one_cm":599803,"minecraft:drop":4,"minecraft:damage_dealt":811,"minecraft:damage_dealt_absorbed":40,"minecraft:swim_one_cm":21856,"minecraft:fly_one_cm":30889,"minecraft:open_chest":8,"minecraft:crouch_one_cm":559,"minecraft:play_time":117858,"minecraft:deaths":6,"minecraft:sneak_time":481,"minecraft:walk_under_water_one_cm":64676,"minecraft:boat_one_cm":41441,"minecraft:jump":984,"minecraft:walk_on_water_one_cm":65105,"minecraft:total_world_time":117858,"minecraft:fall_one_cm":18375}},"DataVersion":3465}