{"stats":{"minecraft:used":{"minecraft:stone_axe":2,"minecraft:cooked_beef":5},"minecraft:mined":{"minecraft:tall_grass":2},"minecraft:killed":{"minecraft:skeleton":1},"minecraft:picked_up":{"minecraft:cooked_beef":5,"minecraft:bone":1,"minecraft:stone_axe":1,"minecraft:wooden_pickaxe":1},"minecraft:custom":{"minecraft:open_chest":1,"minecraft:time_since_rest":17906,"minecraft:crouch_one_cm":176,"minecraft:sprint_one_cm":29208,"minecraft:play_time":17906,"minecraft:damage_taken":488,"minecraft:walk_one_cm":79791,"minecraft:sneak_time":21,"minecraft:walk_under_water_one_cm":304,"minecraft:mob_kills":1,"minecraft:jump":138,"minecraft:damage_dealt":34,"minecraft:leave_game":3,"minecraft:walk_on_water_one_cm":7387,"minecraft:time_since_death":17906,"minecraft:total_world_time":17906,"minecraft:interact_with_crafting_table":1,"minecraft:fall_one_cm":4809,"minecraft:fly_one_cm":4393}},"DataVersion":3465}