{"stats":{"minecraft:broken":{"minecraft:golden_axe":1},"minecraft:used":{"minecraft:apple":1,"minecraft:stone_sword":8,"minecraft:stone_pickaxe":13,"minecraft:bread":5,"minecraft:stone_axe":25,"minecraft:cobblestone":2,"minecraft:bow":27,"minecraft:cooked_beef":14,"minecraft:golden_axe":27},"minecraft:dropped":{"minecraft:cobblestone":1,"gravestone:obituary":1,"minecraft:bow":1},"minecraft:mined":{"iceandfire:silver_ore":2,"minecraft:birch_log":23,"minecraft:iron_ore":1,"gravestone:gravestone":3,"minecraft:grass":1,"minecraft:grass_block":2,"minecraft:oak_log":16,"minecraft:coal_ore":2,"minecraft:stone_slab":1,"minecraft:tall_grass":2,"minecraft:copper_ore":1,"minecraft:cobblestone":3,"minecraft:stone":2},"minecraft:killed":{"minecraft:sheep":1,"minecraft:skeleton":1,"minecraft:zombie":1,"minecraft:spider":1,"minecraft:drowned":1},"minecraft:killed_by":{"minecraft:zombified_piglin":1},"minecraft:picked_up":{"minecraft:birch_log":23,"minecraft:raw_iron":4,"minecraft:stick":3,"minecraft:cooked_beef":16,"minecraft:anvil":1,"minecraft:yellow_wool":1,"minecraft:torch":3,"minecraft:stone_slab":1,"minecraft:wooden_pickaxe":1,"minecraft:potato":1,"graveyard:dark_iron_block":1,"minecraft:nether_brick":29,"minecraft:oak_log":16,"gravestone:obituary":1,"minecraft:string":2,"minecraft:dirt":2,"minecraft:raw_copper":31,"minecraft:arrow":30,"minecraft:bone":1,"minecraft:rotten_flesh":3,"minecraft:apple":1,"minecraft:bow":2,"minecraft:stone_axe":1,"minecraft:orange_tulip":2,"minecraft:nether_bricks":1,"minecraft:bread":6,"alexsmobs:maggot":2,"minecraft:oak_sapling":3,"minecraft:birch_sapling":1,"minecraft:coal":3,"minecraft:iron_boots":1,"iceandfire:raw_silver":2,"minecraft:cobblestone":9},"minecraft:custom":{"minecraft:time_since_rest":2099,"minecraft:sprint_one_cm":134687,"minecraft:damage_taken":4254,"minecraft:walk_one_cm":450232,"minecraft:mob_kills":5,"minecraft:drop":3,"minecraft:damage_dealt":657,"minecraft:damage_dealt_absorbed":40,"minecraft:swim_one_cm":8277,"minecraft:interact_with_crafting_table":1,"minecraft:fly_one_cm":22620,"minecraft:open_chest":8,"minecraft:crouch_one_cm":495,"minecraft:play_time":89242,"minecraft:deaths":6,"minecraft:sneak_time":463,"minecraft:walk_under_water_one_cm":46895,"minecraft:boat_one_cm":41441,"minecraft:jump":745,"minecraft:leave_game":5,"minecraft:time_since_death":2047,"minecraft:walk_on_water_one_cm":46932,"minecraft:total_world_time":89242,"minecraft:climb_one_cm":691,"minecraft:fall_one_cm":15972}},"DataVersion":3465}