{"stats":{"minecraft:used":{"minecraft:white_tulip":15,"minecraft:bamboo_sign":1,"minecraft:chest":12,"minecraft:iron_sword":245,"minecraft:torch":9,"minecraft:soul_sand":4,"minecraft:dirt":21,"minecraft:anvil":1,"minecraft:lily_of_the_valley":3,"ironchest:iron_chest":9,"minecraft:glass":66,"minecraft:iron_axe":16,"minecraft:grass_block":2,"minecraft:bamboo_hanging_sign":1,"minecraft:furnace":2,"minecraft:cooked_beef":33,"minecraft:cobbled_deepslate":13,"minecraft:water_bucket":47,"minecraft:cobblestone_stairs":11,"minecraft:stone_pickaxe":81,"minecraft:wooden_pickaxe":33,"spartanshields:iron_tower_shield":33,"minecraft:crafting_table":3,"minecraft:bamboo_fence_gate":1,"minecraft:spruce_log":3,"minecraft:birch_fence":2,"minecraft:oak_log":1,"minecraft:cherry_door":1,"minecraft:bread":2,"minecraft:iron_pickaxe":42,"minecraft:stone_slab":1,"graveyard:dark_iron_door":1,"minecraft:stone_axe":37,"minecraft:cobblestone":257,"minecraft:gray_wool":1},"minecraft:mined":{"minecraft:deepslate_tiles":1,"iceandfire:silver_ore":4,"minecraft:deepslate_diamond_ore":3,"iceandfire:podium_dark_oak":1,"gravestone:gravestone":11,"minecraft:grass_block":14,"graveyard:dark_iron_door":1,"minecraft:deepslate_bricks":2,"minecraft:spawner":3,"minecraft:potted_warped_fungus":1,"minecraft:furnace":1,"minecraft:iron_ore":23,"minecraft:fire":1,"minecraft:andesite":11,"minecraft:polished_deepslate":1,"minecraft:vine":1,"minecraft:deepslate_iron_ore":4,"minecraft:dirt_path":1,"minecraft:white_tulip":16,"minecraft:stone":56,"minecraft:lily_of_the_valley":3,"minecraft:torch":5,"minecraft:stone_slab":1,"minecraft:tall_grass":9,"minecraft:copper_ore":5,"minecraft:cobblestone":4,"graveyard:skeleton_hand":1,"minecraft:lapis_ore":1,"minecraft:wall_torch":2,"minecraft:gray_wool":1,"minecraft:grass":14,"minecraft:cracked_deepslate_tiles":1,"minecraft:oak_log":18,"minecraft:coal_ore":12,"minecraft:dirt":7,"minecraft:cobweb":2,"minecraft:deepslate":14},"minecraft:picked_up":{"minecraft:iron_chestplate":1,"minecraft:ladder":2,"minecraft:stone_slab":1,"gravestone:obituary":6,"minecraft:polished_deepslate":1,"iceandfire:manuscript":10,"minecraft:string":17,"minecraft:raw_copper":135,"minecraft:iron_leggings":1,"graveyard:corruption":13,"iceandfire:bestiary":3,"minecraft:deepslate_tiles":2,"minecraft:cobbled_deepslate":19,"minecraft:white_tulip":15,"minecraft:furnace":1,"minecraft:iron_boots":1,"minecraft:raw_iron":133,"iceandfire:dragonbone":1,"iceandfire:troll_tusk":1,"minecraft:torch":8,"minecraft:rotten_flesh":26,"minecraft:arrow":5,"minecraft:mutton":3,"minecraft:white_wool":1,"minecraft:cobblestone":51,"minecraft:cracked_deepslate_tiles":1,"minecraft:glow_ink_sac":8,"minecraft:andesite":20,"minecraft:golden_leggings":1,"minecraft:oak_log":13,"graveyard:dark_iron_door":1,"minecraft:paper":1,"minecraft:lapis_lazuli":30,"minecraft:dirt":28,"minecraft:bone":16,"minecraft:wheat_seeds":1,"minecraft:iron_ingot":23,"minecraft:oak_planks":4,"minecraft:iron_sword":1,"spartanshields:iron_tower_shield":1,"minecraft:spruce_sapling":1,"minecraft:lily_of_the_valley":3,"iceandfire:podium_dark_oak":1,"minecraft:spider_eye":4,"minecraft:diamond":8,"minecraft:iron_helmet":1,"minecraft:gray_wool":2,"minecraft:emerald":2,"minecraft:coal":132,"iceandfire:raw_silver":4},"minecraft:killed":{"graveyard:corrupted_vindicator":13,"minecraft:spider":11,"graveyard:wraith":10,"minecraft:skeleton":6,"minecraft:drowned":1,"minecraft:creeper":1,"minecraft:sheep":2,"minecraft:zombie":27},"minecraft:crafted":{"minecraft:oak_planks":48,"spartanshields:wooden_tower_shield":1,"minecraft:furnace":1,"minecraft:iron_boots":1,"minecraft:iron_axe":1,"minecraft:stone_pickaxe":1,"minecraft:chest":1,"minecraft:cooked_beef":5,"iceandfire:silver_ingot":2,"minecraft:crafting_table":3,"minecraft:wooden_pickaxe":1,"spartanshields:iron_tower_shield":1,"minecraft:iron_helmet":1,"minecraft:iron_sword":2,"minecraft:stone_axe":1,"minecraft:air":0,"minecraft:iron_chestplate":1,"minecraft:stick":20,"minecraft:iron_pickaxe":1,"minecraft:iron_ingot":86,"minecraft:iron_block":3,"minecraft:iron_leggings":1,"minecraft:anvil":1,"minecraft:torch":4,"ironchest:iron_chest":1},"minecraft:custom":{"minecraft:mob_kills":77,"minecraft:interact_with_anvil":10,"minecraft:interact_with_crafting_table":61,"minecraft:leave_game":5,"minecraft:time_since_death":19148,"minecraft:climb_one_cm":1234,"minecraft:sprint_one_cm":218095,"minecraft:walk_one_cm":243933,"minecraft:damage_blocked_by_shield":2454,"minecraft:drop":67,"minecraft:play_time":133955,"minecraft:deaths":12,"minecraft:sneak_time":7029,"minecraft:walk_under_water_one_cm":18240,"minecraft:interact_with_lectern":3,"minecraft:jump":1867,"minecraft:walk_on_water_one_cm":12987,"minecraft:total_world_time":133955,"minecraft:interact_with_furnace":63,"spartanshields:shield_bash_hits":17,"minecraft:interact_with_loom":2,"minecraft:time_since_rest":19197,"minecraft:damage_taken":6405,"minecraft:damage_dealt":15084,"minecraft:swim_one_cm":4068,"minecraft:fly_one_cm":350158,"minecraft:open_chest":45,"minecraft:crouch_one_cm":16875,"minecraft:interact_with_smoker":5,"minecraft:fall_one_cm":49024},"minecraft:dropped":{"minecraft:iron_ingot":44,"minecraft:iron_sword":2,"spartanshields:iron_tower_shield":1,"minecraft:cooked_beef":5,"minecraft:iron_helmet":1,"minecraft:iron_leggings":1,"gravestone:obituary":14,"minecraft:bone":1,"minecraft:stone_axe":1,"minecraft:cobbled_deepslate":6,"minecraft:raw_iron":43,"minecraft:oak_planks":4,"minecraft:iron_boots":1,"minecraft:deepslate_tiles":2,"minecraft:iron_chestplate":1,"iceandfire:silver_ingot":2,"minecraft:golden_leggings":1,"iceandfire:bestiary":1,"minecraft:spider_eye":4,"minecraft:wooden_pickaxe":1,"minecraft:beef":63,"minecraft:stone_pickaxe":1}},"DataVersion":3465}