{"stats":{"minecraft:killed":{"alexsmobs:lobster":4,"minecraft:witch":14,"graveyard:skeleton_creeper":1,"minecraft:spider":43,"graveyard:wraith":10,"minecraft:skeleton":19,"stalwart_dungeons:giddy_blaze":17,"minecraft:creeper":5,"minecraft:sheep":2,"minecraft:zombie":62,"alexsmobs:fly":1,"iceandfire:sea_serpent":1,"graveyard:corrupted_vindicator":13,"stalwart_dungeons:nether_wart_cocoon":14,"minecraft:drowned":1,"iceandfire:hippocampus":2,"graveyard:ghoul":2,"iceandfire:cyclops":1,"alexsmobs:cockroach":1,"minecraft:enderman":1},"minecraft:custom":{"minecraft:interact_with_crafting_table":79,"minecraft:open_barrel":32,"minecraft:leave_game":23,"minecraft:time_since_death":31676,"minecraft:damage_resisted":392,"minecraft:sprint_one_cm":865261,"minecraft:damage_blocked_by_shield":3819,"minecraft:drop":175,"minecraft:play_time":468699,"minecraft:deaths":18,"minecraft:jump":5901,"minecraft:walk_on_water_one_cm":79564,"minecraft:interact_with_furnace":78,"minecraft:interact_with_cartography_table":1,"minecraft:interact_with_loom":2,"minecraft:sleep_in_bed":6,"minecraft:damage_dealt":44739,"minecraft:crouch_one_cm":55759,"minecraft:interact_with_smoker":6,"minecraft:mob_kills":220,"minecraft:interact_with_anvil":10,"minecraft:damage_dealt_resisted":330,"minecraft:climb_one_cm":5792,"minecraft:walk_one_cm":951964,"minecraft:damage_dealt_absorbed":40,"minecraft:sneak_time":23418,"minecraft:walk_under_water_one_cm":171972,"minecraft:boat_one_cm":33799,"minecraft:interact_with_lectern":3,"minecraft:total_world_time":468699,"spartanshields:shield_bash_hits":35,"minecraft:tune_noteblock":4,"minecraft:time_since_rest":13737,"minecraft:damage_taken":24797,"minecraft:swim_one_cm":113240,"minecraft:fly_one_cm":1145120,"minecraft:open_chest":151,"minecraft:fall_one_cm":138019},"minecraft:used":{"minecraft:iron_shovel":27,"minecraft:polished_deepslate":12,"minecraft:bamboo_sign":1,"minecraft:chest":12,"minecraft:stone":13,"minecraft:iron_sword":1032,"minecraft:iron_chestplate":1,"minecraft:soul_sand":4,"minecraft:lily_of_the_valley":3,"minecraft:carrot":2,"ironchest:iron_chest":11,"minecraft:obsidian":47,"minecraft:spruce_boat":1,"minecraft:glass":66,"minecraft:lantern":81,"minecraft:grass_block":2,"alexsmobs:cooked_lobster_tail":1,"minecraft:iron_helmet":1,"minecraft:stone_bricks":4,"minecraft:exposed_cut_copper_slab":1,"minecraft:bow":38,"minecraft:furnace":3,"minecraft:egg":2,"alexsmobs:spawn_egg_raccoon":1,"minecraft:dark_oak_stairs":5,"minecraft:waxed_oxidized_cut_copper_slab":3,"minecraft:brick_wall":6,"minecraft:stone_pickaxe":81,"minecraft:ender_pearl":6,"minecraft:wooden_pickaxe":33,"minecraft:diamond_axe":962,"minecraft:birch_fence":2,"minecraft:bread":26,"minecraft:string":1,"minecraft:soul_lantern":1,"graveyard:dark_iron_door":1,"minecraft:dark_oak_fence":2,"minecraft:andesite":1,"minecraft:flint_and_steel":37,"minecraft:white_tulip":15,"minecraft:spruce_planks":139,"alexsmobs:spawn_egg_cockroach":2,"minecraft:torch":36,"minecraft:dirt":96,"alexsmobs:maraca":22,"minecraft:anvil":1,"minecraft:dark_oak_planks":19,"minecraft:bookshelf":2,"minecraft:iron_axe":2239,"minecraft:bamboo_hanging_sign":1,"minecraft:podzol":27,"minecraft:cooked_beef":164,"minecraft:cobbled_deepslate":13,"minecraft:cooked_mutton":1,"minecraft:water_bucket":47,"minecraft:cobblestone_stairs":11,"minecraft:deepslate_bricks":34,"spartanshields:iron_tower_shield":60,"minecraft:mossy_cobblestone":2,"minecraft:stripped_dark_oak_log":1,"minecraft:crafting_table":7,"minecraft:spruce_log":4,"minecraft:bamboo_fence_gate":1,"minecraft:dark_oak_door":18,"minecraft:oak_log":1,"minecraft:cherry_door":1,"minecraft:iron_pickaxe":229,"minecraft:stone_slab":1,"minecraft:spruce_trapdoor":1,"minecraft:stone_axe":37,"minecraft:cobblestone":286,"minecraft:glass_pane":251,"minecraft:gray_wool":1},"minecraft:broken":{"minecraft:iron_boots":2,"minecraft:iron_chestplate":2,"minecraft:iron_leggings":2,"spartanshields:iron_tower_shield":1,"minecraft:iron_axe":2,"minecraft:iron_helmet":1},"minecraft:crafted":{"minecraft:oak_planks":48,"spartanshields:wooden_tower_shield":1,"minecraft:stone":13,"minecraft:iron_boots":4,"minecraft:chest":1,"minecraft:stone_bricks":4,"minecraft:crafting_table":6,"minecraft:spruce_planks":192,"minecraft:wooden_pickaxe":1,"spartanshields:iron_tower_shield":1,"minecraft:iron_helmet":3,"minecraft:iron_chestplate":3,"minecraft:stick":24,"minecraft:iron_ingot":111,"minecraft:iron_pickaxe":2,"minecraft:iron_block":3,"minecraft:furnace":2,"minecraft:iron_axe":1,"minecraft:stone_pickaxe":1,"minecraft:spruce_boat":1,"minecraft:cooked_beef":5,"iceandfire:silver_ingot":2,"alexsmobs:cooked_lobster_tail":3,"minecraft:iron_sword":2,"minecraft:stone_axe":1,"minecraft:air":0,"minecraft:iron_leggings":3,"minecraft:anvil":1,"minecraft:torch":20,"ironchest:iron_chest":1},"minecraft:picked_up":{"minecraft:iron_chestplate":1,"alexsmobs:maraca":1,"minecraft:anvil":1,"minecraft:stone_slab":1,"minecraft:potion":2,"minecraft:enchanted_book":2,"minecraft:nether_brick":29,"minecraft:brewing_stand":4,"minecraft:polished_deepslate":1,"iceandfire:manuscript":10,"minecraft:string":461,"minecraft:raw_copper":135,"minecraft:iron_leggings":1,"minecraft:red_candle":12,"minecraft:deepslate_tiles":2,"minecraft:cobbled_deepslate":34,"minecraft:spruce_planks":134,"minecraft:white_tulip":15,"minecraft:iron_boots":1,"minecraft:furnace":1,"minecraft:dark_oak_door":3,"minecraft:stick":69,"minecraft:torch":19,"minecraft:honeycomb_block":8,"minecraft:cauldron":6,"minecraft:waxed_exposed_cut_copper_slab":4,"minecraft:andesite_wall":4,"minecraft:rotten_flesh":55,"minecraft:bookshelf":1,"minecraft:blaze_rod":17,"minecraft:iron_bars":17,"alexsmobs:lobster_tail":3,"minecraft:cobblestone":103,"minecraft:cooked_beef":4,"minecraft:andesite":21,"minecraft:golden_leggings":1,"minecraft:potato":1,"graveyard:dark_iron_door":1,"minecraft:lapis_lazuli":30,"minecraft:dirt":115,"minecraft:bone":43,"minecraft:bow":2,"minecraft:wheat_seeds":4,"minecraft:waxed_weathered_cut_copper_slab":8,"minecraft:glowstone_dust":1,"minecraft:moss_block":10,"minecraft:oak_planks":4,"spartanshields:iron_tower_shield":1,"iceandfire:shiny_scales":5,"minecraft:sand":14,"minecraft:lily_of_the_valley":3,"minecraft:fermented_spider_eye":49,"iceandfire:podium_dark_oak":1,"minecraft:dark_oak_log":28,"minecraft:mossy_cobblestone":2,"minecraft:sugar":8,"minecraft:diamond":9,"minecraft:soul_lantern":1,"minecraft:bone_meal":8,"minecraft:emerald":41,"minecraft:netherrack":1,"minecraft:dark_oak_fence":1,"iceandfire:raw_silver":4,"minecraft:ladder":2,"gravestone:obituary":7,"minecraft:chain":4,"iceandfire:sea_serpent_scales_blue":2,"minecraft:moss_carpet":36,"minecraft:iron_shovel":1,"graveyard:corruption":13,"iceandfire:bestiary":3,"minecraft:andesite_stairs":2,"minecraft:spruce_trapdoor":1,"minecraft:egg":2,"minecraft:raw_iron":138,"iceandfire:dragonbone":1,"minecraft:stone":8,"iceandfire:troll_tusk":1,"ironchest:iron_chest":2,"minecraft:carrot":1,"minecraft:redstone":8,"minecraft:dark_oak_planks":1,"minecraft:arrow":48,"minecraft:nether_bricks":1,"minecraft:deepslate_bricks":3,"sophisticatedbackpacks:copper_backpack":1,"minecraft:mutton":3,"minecraft:skeleton_skull":4,"minecraft:white_wool":3,"minecraft:cracked_deepslate_tiles":1,"iceandfire:sea_serpent_fang":22,"minecraft:glow_ink_sac":8,"minecraft:leather":7,"minecraft:oak_log":13,"minecraft:gunpowder":10,"minecraft:paper":91,"minecraft:iron_ingot":116,"minecraft:cobweb":9,"minecraft:glass_bottle":1,"minecraft:iron_sword":1,"minecraft:book":42,"minecraft:sweet_berries":6,"minecraft:cracked_nether_bricks":1,"alexsmobs:sombrero":1,"minecraft:spruce_sapling":106,"minecraft:spruce_log":404,"minecraft:spider_eye":35,"minecraft:honey_block":8,"minecraft:iron_helmet":1,"minecraft:gray_wool":2,"minecraft:waxed_oxidized_cut_copper_slab":6,"minecraft:stripped_dark_oak_log":1,"minecraft:coal":132},"minecraft:mined":{"minecraft:spruce_planks":6,"iceandfire:podium_dark_oak":1,"minecraft:andesite_stairs":2,"minecraft:brewing_stand":2,"minecraft:grass_block":16,"graveyard:dark_iron_door":1,"minecraft:deepslate_bricks":5,"minecraft:spawner":4,"minecraft:potted_warped_fungus":1,"minecraft:iron_ore":23,"minecraft:fire":19,"minecraft:moss_carpet":18,"minecraft:anvil":1,"minecraft:water_cauldron":2,"minecraft:dirt_path":2,"minecraft:iron_bars":27,"minecraft:soul_lantern":1,"minecraft:torch":10,"minecraft:cobblestone":19,"minecraft:honeycomb_block":5,"graveyard:skeleton_hand":1,"minecraft:wall_torch":11,"minecraft:cauldron":1,"minecraft:skeleton_skull":3,"minecraft:chain":2,"minecraft:red_candle":2,"minecraft:stone_brick_stairs":1,"minecraft:grass":31,"minecraft:cracked_deepslate_tiles":1,"minecraft:oak_log":18,"minecraft:dirt":25,"minecraft:waxed_exposed_cut_copper_slab":5,"minecraft:netherrack":1,"minecraft:deepslate":29,"minecraft:deepslate_tiles":1,"iceandfire:silver_ore":4,"minecraft:mossy_cobblestone":14,"minecraft:deepslate_diamond_ore":4,"gravestone:gravestone":15,"minecraft:nether_bricks":1,"minecraft:spruce_leaves":22,"minecraft:moss_block":5,"minecraft:cracked_nether_bricks":1,"minecraft:large_fern":6,"minecraft:furnace":1,"minecraft:waxed_oxidized_cut_copper_slab":5,"minecraft:andesite":12,"minecraft:polished_deepslate":1,"minecraft:deepslate_iron_ore":5,"minecraft:vine":1,"ironchest:iron_chest":2,"minecraft:stone":83,"minecraft:white_tulip":16,"minecraft:podzol":23,"minecraft:glass_pane":2,"minecraft:hanging_roots":4,"minecraft:lily_of_the_valley":3,"minecraft:honey_block":4,"minecraft:andesite_wall":2,"minecraft:stone_slab":1,"minecraft:tall_grass":14,"minecraft:copper_ore":5,"minecraft:lapis_ore":1,"minecraft:deepslate_gold_ore":2,"minecraft:gray_wool":1,"minecraft:waxed_weathered_cut_copper_slab":6,"minecraft:sweet_berry_bush":2,"minecraft:spruce_log":935,"minecraft:birch_leaves":1,"minecraft:coal_ore":12,"minecraft:cobweb":228,"minecraft:fern":9},"minecraft:dropped":{"minecraft:iron_sword":2,"minecraft:dark_oak_stairs":1,"minecraft:cooked_beef":28,"minecraft:emerald":31,"minecraft:dirt":5,"gravestone:obituary":19,"minecraft:iron_pickaxe":1,"minecraft:dark_oak_planks":1,"minecraft:fermented_spider_eye":17,"minecraft:cherry_door":1,"minecraft:bone":1,"minecraft:stone_axe":1,"minecraft:cobbled_deepslate":6,"minecraft:nether_brick":29,"minecraft:stripped_dark_oak_log":1,"minecraft:oak_planks":4,"minecraft:deepslate_tiles":2,"minecraft:skeleton_skull":1,"iceandfire:bestiary":1,"graveyard:dark_iron_block":1,"minecraft:iron_bars":12,"minecraft:arrow":64,"minecraft:beef":63,"minecraft:iron_ingot":115,"minecraft:bread":6,"spartanshields:iron_tower_shield":1,"minecraft:wheat_seeds":1,"minecraft:mossy_cobblestone":1,"minecraft:iron_helmet":2,"minecraft:stick":39,"alexsmobs:cooked_lobster_tail":2,"minecraft:iron_leggings":1,"minecraft:iron_shovel":1,"minecraft:string":11,"minecraft:anvil":1,"minecraft:raw_iron":43,"minecraft:iron_boots":2,"minecraft:nether_bricks":1,"minecraft:potato":1,"minecraft:stone":14,"minecraft:spruce_planks":1,"minecraft:iron_chestplate":1,"iceandfire:silver_ingot":2,"minecraft:golden_leggings":1,"minecraft:spider_eye":4,"minecraft:bow":3,"minecraft:stone_pickaxe":1,"minecraft:wooden_pickaxe":1}},"DataVersion":3465}