{"stats":{"minecraft:broken":{"spartanshields:iron_tower_shield":1,"minecraft:iron_boots":2,"minecraft:iron_chestplate":2,"minecraft:iron_leggings":2,"minecraft:iron_axe":1,"minecraft:iron_helmet":1},"minecraft:crafted":{"minecraft:oak_planks":48,"spartanshields:wooden_tower_shield":1,"minecraft:furnace":2,"minecraft:iron_boots":4,"minecraft:iron_axe":1,"minecraft:stone_pickaxe":1,"minecraft:chest":1,"minecraft:spruce_boat":1,"minecraft:cooked_beef":5,"iceandfire:silver_ingot":2,"alexsmobs:cooked_lobster_tail":3,"minecraft:crafting_table":6,"minecraft:spruce_planks":40,"minecraft:iron_helmet":3,"spartanshields:iron_tower_shield":1,"minecraft:wooden_pickaxe":1,"minecraft:iron_sword":2,"minecraft:stone_axe":1,"minecraft:air":0,"minecraft:iron_chestplate":3,"minecraft:stick":24,"minecraft:iron_ingot":111,"minecraft:iron_pickaxe":1,"minecraft:iron_block":3,"minecraft:iron_leggings":3,"minecraft:anvil":1,"minecraft:torch":20,"ironchest:iron_chest":1},"minecraft:used":{"minecraft:polished_deepslate":12,"minecraft:white_tulip":15,"minecraft:flint_and_steel":37,"minecraft:bamboo_sign":1,"minecraft:chest":12,"minecraft:iron_sword":977,"alexsmobs:spawn_egg_cockroach":2,"minecraft:iron_chestplate":1,"minecraft:torch":36,"minecraft:lily_of_the_valley":3,"minecraft:soul_sand":4,"minecraft:dirt":22,"alexsmobs:maraca":22,"minecraft:anvil":1,"minecraft:carrot":2,"ironchest:iron_chest":11,"minecraft:obsidian":47,"minecraft:dark_oak_planks":14,"minecraft:spruce_boat":1,"minecraft:glass":66,"minecraft:lantern":48,"minecraft:iron_axe":2031,"minecraft:grass_block":2,"alexsmobs:cooked_lobster_tail":1,"minecraft:bamboo_hanging_sign":1,"minecraft:iron_helmet":1,"minecraft:exposed_cut_copper_slab":1,"minecraft:bow":38,"minecraft:furnace":3,"minecraft:egg":2,"minecraft:cooked_beef":147,"minecraft:cobbled_deepslate":13,"minecraft:dark_oak_stairs":5,"minecraft:cooked_mutton":1,"alexsmobs:spawn_egg_raccoon":1,"minecraft:waxed_oxidized_cut_copper_slab":3,"minecraft:water_bucket":47,"minecraft:cobblestone_stairs":11,"minecraft:brick_wall":3,"minecraft:stone_pickaxe":81,"minecraft:ender_pearl":6,"minecraft:wooden_pickaxe":33,"minecraft:deepslate_bricks":12,"spartanshields:iron_tower_shield":60,"minecraft:mossy_cobblestone":2,"minecraft:stripped_dark_oak_log":1,"minecraft:crafting_table":7,"minecraft:dark_oak_door":18,"minecraft:spruce_log":3,"minecraft:bamboo_fence_gate":1,"minecraft:birch_fence":2,"minecraft:oak_log":1,"minecraft:cherry_door":1,"minecraft:string":1,"minecraft:bread":26,"minecraft:iron_pickaxe":182,"minecraft:spruce_trapdoor":1,"minecraft:stone_slab":1,"graveyard:dark_iron_door":1,"minecraft:stone_axe":37,"minecraft:cobblestone":286,"minecraft:dark_oak_fence":1,"minecraft:andesite":1,"minecraft:glass_pane":51,"minecraft:gray_wool":1},"minecraft:mined":{"minecraft:deepslate_tiles":1,"iceandfire:silver_ore":4,"minecraft:mossy_cobblestone":2,"minecraft:deepslate_diamond_ore":4,"iceandfire:podium_dark_oak":1,"minecraft:andesite_stairs":2,"minecraft:brewing_stand":2,"gravestone:gravestone":14,"minecraft:nether_bricks":1,"minecraft:grass_block":16,"graveyard:dark_iron_door":1,"minecraft:deepslate_bricks":5,"minecraft:moss_block":5,"minecraft:cracked_nether_bricks":1,"minecraft:spawner":4,"minecraft:potted_warped_fungus":1,"minecraft:large_fern":1,"minecraft:furnace":1,"minecraft:waxed_oxidized_cut_copper_slab":5,"minecraft:iron_ore":23,"minecraft:fire":19,"minecraft:andesite":12,"minecraft:moss_carpet":18,"minecraft:anvil":1,"minecraft:polished_deepslate":1,"minecraft:water_cauldron":2,"minecraft:dirt_path":2,"minecraft:deepslate_iron_ore":5,"minecraft:vine":1,"minecraft:iron_bars":2,"ironchest:iron_chest":2,"minecraft:white_tulip":16,"minecraft:stone":81,"minecraft:podzol":1,"minecraft:hanging_roots":3,"minecraft:lily_of_the_valley":3,"minecraft:torch":10,"minecraft:honey_block":4,"minecraft:andesite_wall":2,"minecraft:stone_slab":1,"minecraft:copper_ore":5,"minecraft:tall_grass":13,"minecraft:cobblestone":19,"minecraft:honeycomb_block":5,"graveyard:skeleton_hand":1,"minecraft:lapis_ore":1,"minecraft:deepslate_gold_ore":2,"minecraft:wall_torch":11,"minecraft:cauldron":1,"minecraft:skeleton_skull":3,"minecraft:chain":2,"minecraft:gray_wool":1,"minecraft:red_candle":2,"minecraft:waxed_weathered_cut_copper_slab":6,"minecraft:spruce_log":375,"minecraft:birch_leaves":1,"minecraft:stone_brick_stairs":1,"minecraft:grass":20,"minecraft:cracked_deepslate_tiles":1,"minecraft:oak_log":18,"minecraft:coal_ore":12,"minecraft:waxed_exposed_cut_copper_slab":5,"minecraft:dirt":10,"minecraft:cobweb":224,"minecraft:netherrack":1,"minecraft:deepslate":29,"minecraft:fern":1},"minecraft:dropped":{"minecraft:iron_ingot":115,"minecraft:bread":6,"minecraft:iron_sword":2,"minecraft:wheat_seeds":1,"spartanshields:iron_tower_shield":1,"minecraft:cooked_beef":22,"minecraft:iron_helmet":2,"minecraft:stick":39,"minecraft:emerald":31,"alexsmobs:cooked_lobster_tail":2,"minecraft:iron_leggings":1,"gravestone:obituary":18,"minecraft:string":9,"minecraft:cherry_door":1,"minecraft:bone":1,"minecraft:anvil":1,"minecraft:stone_axe":1,"minecraft:cobbled_deepslate":6,"minecraft:nether_brick":29,"minecraft:raw_iron":43,"minecraft:oak_planks":4,"minecraft:iron_boots":2,"minecraft:nether_bricks":1,"minecraft:potato":1,"minecraft:deepslate_tiles":2,"minecraft:skeleton_skull":1,"minecraft:iron_chestplate":1,"iceandfire:silver_ingot":2,"minecraft:golden_leggings":1,"iceandfire:bestiary":1,"graveyard:dark_iron_block":1,"minecraft:spider_eye":4,"minecraft:arrow":64,"minecraft:bow":3,"minecraft:wooden_pickaxe":1,"minecraft:beef":63,"minecraft:stone_pickaxe":1},"minecraft:killed":{"alexsmobs:lobster":4,"minecraft:witch":14,"graveyard:skeleton_creeper":1,"graveyard:corrupted_vindicator":13,"minecraft:spider":39,"graveyard:wraith":10,"minecraft:skeleton":14,"stalwart_dungeons:nether_wart_cocoon":14,"minecraft:drowned":1,"iceandfire:hippocampus":2,"graveyard:ghoul":2,"iceandfire:cyclops":1,"stalwart_dungeons:giddy_blaze":17,"minecraft:creeper":3,"minecraft:sheep":2,"minecraft:zombie":61,"alexsmobs:cockroach":1,"alexsmobs:fly":1,"iceandfire:sea_serpent":1,"minecraft:enderman":1},"minecraft:picked_up":{"minecraft:iron_chestplate":1,"alexsmobs:maraca":1,"minecraft:ladder":2,"minecraft:anvil":1,"minecraft:stone_slab":1,"minecraft:enchanted_book":1,"minecraft:potion":1,"minecraft:nether_brick":29,"minecraft:chain":2,"gravestone:obituary":7,"minecraft:brewing_stand":2,"minecraft:moss_carpet":18,"iceandfire:sea_serpent_scales_blue":2,"minecraft:polished_deepslate":1,"iceandfire:manuscript":10,"minecraft:string":239,"minecraft:raw_copper":135,"minecraft:iron_leggings":1,"minecraft:red_candle":6,"graveyard:corruption":13,"iceandfire:bestiary":3,"minecraft:deepslate_tiles":2,"minecraft:cobbled_deepslate":34,"minecraft:andesite_stairs":1,"minecraft:white_tulip":15,"minecraft:spruce_trapdoor":1,"minecraft:dark_oak_door":3,"minecraft:furnace":1,"minecraft:egg":2,"minecraft:iron_boots":1,"minecraft:stick":46,"minecraft:raw_iron":138,"iceandfire:dragonbone":1,"iceandfire:troll_tusk":1,"minecraft:torch":19,"ironchest:iron_chest":2,"minecraft:honeycomb_block":4,"minecraft:carrot":1,"minecraft:redstone":4,"minecraft:cauldron":3,"minecraft:waxed_exposed_cut_copper_slab":2,"minecraft:dark_oak_planks":1,"minecraft:andesite_wall":2,"minecraft:rotten_flesh":53,"minecraft:arrow":45,"minecraft:nether_bricks":1,"minecraft:deepslate_bricks":3,"sophisticatedbackpacks:copper_backpack":1,"minecraft:blaze_rod":17,"minecraft:mutton":3,"minecraft:iron_bars":2,"minecraft:skeleton_skull":2,"alexsmobs:lobster_tail":3,"minecraft:white_wool":3,"minecraft:cobblestone":90,"minecraft:cracked_deepslate_tiles":1,"iceandfire:sea_serpent_fang":22,"minecraft:glow_ink_sac":8,"minecraft:andesite":21,"minecraft:leather":7,"minecraft:golden_leggings":1,"minecraft:potato":1,"minecraft:oak_log":13,"graveyard:dark_iron_door":1,"minecraft:gunpowder":6,"minecraft:lapis_lazuli":30,"minecraft:dirt":32,"minecraft:paper":18,"minecraft:bone":27,"minecraft:bow":2,"minecraft:wheat_seeds":4,"minecraft:waxed_weathered_cut_copper_slab":4,"minecraft:iron_ingot":105,"minecraft:glass_bottle":1,"minecraft:glowstone_dust":1,"minecraft:moss_block":5,"minecraft:iron_sword":1,"minecraft:oak_planks":4,"minecraft:book":11,"spartanshields:iron_tower_shield":1,"minecraft:cracked_nether_bricks":1,"iceandfire:shiny_scales":5,"alexsmobs:sombrero":1,"minecraft:sand":14,"minecraft:spruce_sapling":69,"minecraft:dark_oak_log":8,"minecraft:spruce_log":340,"minecraft:lily_of_the_valley":3,"iceandfire:podium_dark_oak":1,"minecraft:spider_eye":20,"minecraft:mossy_cobblestone":2,"minecraft:sugar":4,"minecraft:diamond":9,"minecraft:honey_block":4,"minecraft:iron_helmet":1,"minecraft:gray_wool":2,"minecraft:emerald":33,"minecraft:waxed_oxidized_cut_copper_slab":3,"minecraft:netherrack":1,"minecraft:coal":132,"iceandfire:raw_silver":4},"minecraft:custom":{"minecraft:interact_with_anvil":10,"minecraft:mob_kills":208,"minecraft:interact_with_crafting_table":74,"minecraft:open_barrel":28,"minecraft:damage_dealt_resisted":330,"minecraft:leave_game":8,"minecraft:time_since_death":136014,"minecraft:climb_one_cm":5792,"minecraft:damage_resisted":392,"minecraft:sprint_one_cm":662195,"minecraft:walk_one_cm":730457,"minecraft:damage_blocked_by_shield":3819,"minecraft:drop":129,"minecraft:damage_dealt_absorbed":40,"minecraft:play_time":363251,"minecraft:sneak_time":18401,"minecraft:deaths":17,"minecraft:walk_under_water_one_cm":167198,"minecraft:boat_one_cm":33799,"minecraft:interact_with_lectern":3,"minecraft:jump":5180,"minecraft:walk_on_water_one_cm":77270,"minecraft:total_world_time":363251,"minecraft:interact_with_furnace":73,"spartanshields:shield_bash_hits":35,"minecraft:interact_with_cartography_table":1,"minecraft:tune_noteblock":4,"minecraft:interact_with_loom":2,"minecraft:sleep_in_bed":2,"minecraft:time_since_rest":105397,"minecraft:damage_taken":23187,"minecraft:damage_dealt":42910,"minecraft:swim_one_cm":107946,"minecraft:fly_one_cm":1001789,"minecraft:open_chest":144,"minecraft:crouch_one_cm":46264,"minecraft:interact_with_smoker":5,"minecraft:fall_one_cm":122278}},"DataVersion":3465}