{"stats":{"minecraft:broken":{"minecraft:iron_axe":1},"minecraft:used":{"minecraft:white_tulip":15,"minecraft:bamboo_sign":1,"minecraft:chest":12,"minecraft:iron_sword":296,"alexsmobs:spawn_egg_cockroach":2,"minecraft:torch":9,"minecraft:lily_of_the_valley":3,"minecraft:soul_sand":4,"minecraft:dirt":21,"alexsmobs:maraca":22,"minecraft:anvil":1,"ironchest:iron_chest":11,"minecraft:obsidian":29,"minecraft:glass":66,"minecraft:iron_axe":252,"minecraft:grass_block":2,"minecraft:bamboo_hanging_sign":1,"minecraft:furnace":2,"minecraft:egg":1,"minecraft:cooked_beef":42,"minecraft:cobbled_deepslate":13,"alexsmobs:spawn_egg_raccoon":1,"minecraft:water_bucket":47,"minecraft:cobblestone_stairs":11,"minecraft:stone_pickaxe":81,"minecraft:wooden_pickaxe":33,"spartanshields:iron_tower_shield":40,"minecraft:crafting_table":3,"minecraft:spruce_log":3,"minecraft:bamboo_fence_gate":1,"minecraft:birch_fence":2,"minecraft:oak_log":1,"minecraft:cherry_door":1,"minecraft:bread":2,"minecraft:iron_pickaxe":57,"minecraft:stone_slab":1,"graveyard:dark_iron_door":1,"minecraft:stone_axe":37,"minecraft:cobblestone":260,"minecraft:gray_wool":1},"minecraft:crafted":{"minecraft:oak_planks":48,"spartanshields:wooden_tower_shield":1,"minecraft:furnace":1,"minecraft:iron_boots":1,"minecraft:iron_axe":1,"minecraft:stone_pickaxe":1,"minecraft:chest":1,"minecraft:cooked_beef":5,"iceandfire:silver_ingot":2,"minecraft:crafting_table":3,"minecraft:wooden_pickaxe":1,"spartanshields:iron_tower_shield":1,"minecraft:iron_helmet":1,"minecraft:iron_sword":2,"minecraft:stone_axe":1,"minecraft:air":0,"minecraft:iron_chestplate":1,"minecraft:stick":20,"minecraft:iron_pickaxe":1,"minecraft:iron_ingot":86,"minecraft:iron_block":3,"minecraft:iron_leggings":1,"minecraft:anvil":1,"minecraft:torch":4,"ironchest:iron_chest":1},"minecraft:mined":{"minecraft:deepslate_tiles":1,"iceandfire:silver_ore":4,"minecraft:deepslate_diamond_ore":3,"iceandfire:podium_dark_oak":1,"gravestone:gravestone":11,"minecraft:grass_block":14,"graveyard:dark_iron_door":1,"minecraft:deepslate_bricks":2,"minecraft:spawner":3,"minecraft:potted_warped_fungus":1,"minecraft:large_fern":1,"minecraft:furnace":1,"minecraft:iron_ore":23,"minecraft:fire":1,"minecraft:andesite":11,"minecraft:polished_deepslate":1,"minecraft:vine":1,"minecraft:deepslate_iron_ore":4,"minecraft:dirt_path":2,"ironchest:iron_chest":2,"minecraft:white_tulip":16,"minecraft:stone":69,"minecraft:lily_of_the_valley":3,"minecraft:torch":5,"minecraft:stone_slab":1,"minecraft:tall_grass":12,"minecraft:copper_ore":5,"minecraft:cobblestone":4,"graveyard:skeleton_hand":1,"minecraft:lapis_ore":1,"minecraft:wall_torch":2,"minecraft:gray_wool":1,"minecraft:spruce_log":228,"minecraft:birch_leaves":1,"minecraft:grass":14,"minecraft:cracked_deepslate_tiles":1,"minecraft:oak_log":18,"minecraft:coal_ore":12,"minecraft:dirt":7,"minecraft:cobweb":2,"minecraft:deepslate":14,"minecraft:fern":1},"minecraft:dropped":{"minecraft:iron_ingot":44,"minecraft:iron_sword":2,"spartanshields:iron_tower_shield":1,"minecraft:cooked_beef":5,"minecraft:iron_helmet":1,"minecraft:iron_leggings":1,"gravestone:obituary":14,"minecraft:cherry_door":1,"minecraft:bone":1,"minecraft:stone_axe":1,"minecraft:cobbled_deepslate":6,"minecraft:raw_iron":43,"minecraft:oak_planks":4,"minecraft:iron_boots":1,"minecraft:deepslate_tiles":2,"minecraft:iron_chestplate":1,"iceandfire:silver_ingot":2,"minecraft:golden_leggings":1,"iceandfire:bestiary":1,"minecraft:spider_eye":4,"minecraft:wooden_pickaxe":1,"minecraft:beef":63,"minecraft:stone_pickaxe":1},"minecraft:killed":{"graveyard:corrupted_vindicator":13,"minecraft:spider":13,"graveyard:wraith":10,"minecraft:skeleton":8,"minecraft:drowned":1,"graveyard:ghoul":2,"minecraft:creeper":1,"minecraft:sheep":2,"minecraft:zombie":35,"alexsmobs:cockroach":1},"minecraft:picked_up":{"minecraft:iron_chestplate":1,"alexsmobs:maraca":1,"minecraft:ladder":2,"minecraft:stone_slab":1,"gravestone:obituary":6,"minecraft:polished_deepslate":1,"iceandfire:manuscript":10,"minecraft:string":18,"minecraft:raw_copper":135,"minecraft:iron_leggings":1,"graveyard:corruption":13,"iceandfire:bestiary":3,"minecraft:deepslate_tiles":2,"minecraft:cobbled_deepslate":19,"minecraft:white_tulip":15,"minecraft:egg":1,"minecraft:furnace":1,"minecraft:iron_boots":1,"minecraft:stick":39,"minecraft:raw_iron":133,"iceandfire:dragonbone":1,"iceandfire:troll_tusk":1,"minecraft:torch":8,"ironchest:iron_chest":2,"minecraft:rotten_flesh":32,"minecraft:arrow":8,"minecraft:mutton":3,"minecraft:white_wool":1,"minecraft:cobblestone":64,"minecraft:cracked_deepslate_tiles":1,"minecraft:glow_ink_sac":8,"minecraft:andesite":20,"minecraft:golden_leggings":1,"minecraft:oak_log":13,"graveyard:dark_iron_door":1,"minecraft:paper":1,"minecraft:lapis_lazuli":30,"minecraft:dirt":28,"minecraft:bone":19,"minecraft:wheat_seeds":2,"minecraft:iron_ingot":23,"minecraft:iron_sword":1,"minecraft:oak_planks":4,"spartanshields:iron_tower_shield":1,"alexsmobs:sombrero":1,"minecraft:sand":14,"minecraft:spruce_sapling":43,"minecraft:spruce_log":202,"minecraft:lily_of_the_valley":3,"iceandfire:podium_dark_oak":1,"minecraft:spider_eye":5,"minecraft:diamond":8,"minecraft:iron_helmet":1,"minecraft:gray_wool":2,"minecraft:emerald":2,"iceandfire:raw_silver":4,"minecraft:coal":132},"minecraft:custom":{"minecraft:mob_kills":92,"minecraft:interact_with_anvil":10,"minecraft:interact_with_crafting_table":61,"minecraft:open_barrel":1,"minecraft:leave_game":6,"minecraft:time_since_death":50612,"minecraft:climb_one_cm":1782,"minecraft:sprint_one_cm":320424,"minecraft:walk_one_cm":324141,"minecraft:damage_blocked_by_shield":2799,"minecraft:drop":68,"minecraft:play_time":165419,"minecraft:deaths":12,"minecraft:sneak_time":8550,"minecraft:walk_under_water_one_cm":32778,"minecraft:interact_with_lectern":3,"minecraft:jump":2482,"minecraft:walk_on_water_one_cm":19734,"minecraft:total_world_time":165419,"minecraft:interact_with_furnace":63,"spartanshields:shield_bash_hits":23,"minecraft:interact_with_loom":2,"minecraft:time_since_rest":50661,"minecraft:damage_taken":7061,"minecraft:damage_dealt":17829,"minecraft:swim_one_cm":19766,"minecraft:fly_one_cm":498968,"minecraft:open_chest":76,"minecraft:crouch_one_cm":19476,"minecraft:interact_with_smoker":5,"minecraft:fall_one_cm":61396}},"DataVersion":3465}