{"stats":{"minecraft:killed":{"graveyard:corrupted_vindicator":13,"minecraft:spider":11,"graveyard:wraith":10,"minecraft:creeper":1,"minecraft:sheep":2,"minecraft:skeleton":6,"minecraft:zombie":27,"minecraft:drowned":1},"minecraft:crafted":{"minecraft:cooked_beef":5,"minecraft:oak_planks":48,"iceandfire:silver_ingot":2,"minecraft:crafting_table":3,"spartanshields:iron_tower_shield":1,"spartanshields:wooden_tower_shield":1,"minecraft:iron_helmet":1,"minecraft:wooden_pickaxe":1,"minecraft:iron_sword":2,"minecraft:furnace":1,"minecraft:stone_axe":1,"minecraft:air":0,"minecraft:iron_boots":1,"minecraft:iron_chestplate":1,"minecraft:iron_axe":1,"minecraft:anvil":1,"minecraft:iron_block":3,"minecraft:stick":20,"minecraft:chest":1,"minecraft:iron_ingot":86,"minecraft:iron_pickaxe":1,"minecraft:stone_pickaxe":1,"minecraft:iron_leggings":1,"minecraft:torch":4,"ironchest:iron_chest":1},"minecraft:custom":{"minecraft:interact_with_furnace":63,"spartanshields:shield_bash_hits":17,"minecraft:interact_with_anvil":10,"minecraft:mob_kills":77,"minecraft:interact_with_crafting_table":61,"minecraft:interact_with_loom":2,"minecraft:leave_game":5,"minecraft:time_since_death":17369,"minecraft:climb_one_cm":1234,"minecraft:time_since_rest":17395,"minecraft:sprint_one_cm":207725,"minecraft:damage_taken":6012,"minecraft:walk_one_cm":204105,"minecraft:damage_blocked_by_shield":2454,"minecraft:drop":67,"minecraft:damage_dealt":15084,"minecraft:open_chest":39,"minecraft:swim_one_cm":4068,"minecraft:fly_one_cm":325431,"minecraft:crouch_one_cm":12155,"minecraft:play_time":114393,"minecraft:deaths":11,"minecraft:sneak_time":5316,"minecraft:walk_under_water_one_cm":5343,"minecraft:interact_with_lectern":3,"minecraft:jump":1717,"minecraft:walk_on_water_one_cm":9546,"minecraft:total_world_time":114393,"minecraft:interact_with_smoker":5,"minecraft:fall_one_cm":47793},"minecraft:used":{"minecraft:white_tulip":15,"minecraft:stone_pickaxe":81,"minecraft:wooden_pickaxe":33,"minecraft:iron_sword":244,"spartanshields:iron_tower_shield":33,"minecraft:torch":9,"minecraft:dirt":20,"minecraft:anvil":1,"minecraft:lily_of_the_valley":3,"minecraft:crafting_table":3,"ironchest:iron_chest":1,"minecraft:oak_log":1,"minecraft:iron_axe":16,"minecraft:grass_block":2,"minecraft:bread":2,"minecraft:iron_pickaxe":42,"minecraft:stone_slab":1,"graveyard:dark_iron_door":1,"minecraft:stone_axe":37,"minecraft:furnace":2,"minecraft:cooked_beef":32,"minecraft:cobbled_deepslate":13,"minecraft:gray_wool":1},"minecraft:mined":{"minecraft:deepslate_tiles":1,"iceandfire:silver_ore":4,"minecraft:deepslate_diamond_ore":3,"minecraft:lily_of_the_valley":3,"iceandfire:podium_dark_oak":1,"minecraft:torch":5,"gravestone:gravestone":10,"minecraft:grass_block":14,"minecraft:stone_slab":1,"graveyard:dark_iron_door":1,"minecraft:deepslate_bricks":2,"minecraft:tall_grass":9,"minecraft:copper_ore":5,"minecraft:cobblestone":4,"graveyard:skeleton_hand":1,"minecraft:lapis_ore":1,"minecraft:wall_torch":2,"minecraft:spawner":3,"minecraft:potted_warped_fungus":1,"minecraft:gray_wool":1,"minecraft:furnace":1,"minecraft:iron_ore":23,"minecraft:fire":1,"minecraft:andesite":11,"minecraft:polished_deepslate":1,"minecraft:cracked_deepslate_tiles":1,"minecraft:deepslate_iron_ore":4,"minecraft:grass":14,"minecraft:oak_log":18,"minecraft:coal_ore":12,"minecraft:vine":1,"minecraft:dirt":7,"minecraft:cobweb":2,"minecraft:white_tulip":16,"minecraft:stone":56,"minecraft:deepslate":14},"minecraft:dropped":{"minecraft:iron_ingot":44,"minecraft:iron_sword":2,"minecraft:stone_axe":1,"spartanshields:iron_tower_shield":1,"minecraft:cooked_beef":5,"minecraft:cobbled_deepslate":6,"minecraft:raw_iron":43,"minecraft:iron_helmet":1,"minecraft:oak_planks":4,"minecraft:iron_boots":1,"minecraft:deepslate_tiles":2,"minecraft:iron_chestplate":1,"iceandfire:bestiary":1,"iceandfire:silver_ingot":2,"minecraft:iron_leggings":1,"minecraft:golden_leggings":1,"minecraft:spider_eye":4,"gravestone:obituary":14,"minecraft:stone_pickaxe":1,"minecraft:wooden_pickaxe":1,"minecraft:beef":63,"minecraft:bone":1},"minecraft:picked_up":{"minecraft:cracked_deepslate_tiles":1,"minecraft:iron_chestplate":1,"minecraft:ladder":2,"minecraft:glow_ink_sac":8,"minecraft:andesite":20,"minecraft:golden_leggings":1,"minecraft:stone_slab":1,"minecraft:oak_log":13,"graveyard:dark_iron_door":1,"gravestone:obituary":6,"minecraft:polished_deepslate":1,"minecraft:lapis_lazuli":30,"minecraft:dirt":20,"minecraft:string":17,"minecraft:raw_copper":135,"minecraft:iron_leggings":1,"minecraft:bone":16,"graveyard:corruption":13,"iceandfire:bestiary":1,"minecraft:deepslate_tiles":2,"minecraft:wheat_seeds":1,"minecraft:cobbled_deepslate":19,"minecraft:iron_ingot":23,"minecraft:white_tulip":15,"minecraft:iron_sword":1,"minecraft:oak_planks":4,"minecraft:iron_boots":1,"minecraft:furnace":1,"minecraft:raw_iron":133,"spartanshields:iron_tower_shield":1,"minecraft:torch":7,"iceandfire:podium_dark_oak":1,"minecraft:lily_of_the_valley":3,"minecraft:spider_eye":4,"minecraft:arrow":5,"minecraft:rotten_flesh":26,"minecraft:diamond":8,"minecraft:iron_helmet":1,"minecraft:gray_wool":2,"minecraft:mutton":3,"minecraft:coal":132,"minecraft:white_wool":1,"iceandfire:raw_silver":4,"minecraft:cobblestone":51}},"DataVersion":3465}