{"stats":{"minecraft:killed":{"graveyard:ghoul":1,"minecraft:spider":1,"minecraft:sheep":1,"minecraft:skeleton":2,"minecraft:zombie":8},"minecraft:crafted":{"minecraft:cooked_beef":58,"minecraft:oak_planks":24,"iceandfire:silver_ingot":1,"minecraft:crafting_table":1,"minecraft:wooden_pickaxe":1,"minecraft:iron_sword":1,"minecraft:furnace":2,"minecraft:bucket":1,"minecraft:stone_axe":1,"minecraft:cooked_mutton":1,"minecraft:air":0,"spartanshields:iron_basic_shield":1,"minecraft:iron_boots":1,"minecraft:iron_chestplate":1,"minecraft:iron_axe":1,"minecraft:stick":20,"minecraft:iron_ingot":4,"minecraft:stone_pickaxe":1,"minecraft:stone_sword":1,"spartanshields:wooden_basic_shield":1,"minecraft:torch":20,"iceandfire:silver_pickaxe":1,"minecraft:smoker":1},"minecraft:custom":{"minecraft:interact_with_furnace":14,"minecraft:mob_kills":14,"minecraft:interact_with_crafting_table":15,"minecraft:leave_game":2,"minecraft:time_since_death":58033,"minecraft:time_since_rest":58033,"minecraft:sprint_one_cm":64840,"minecraft:walk_one_cm":87476,"minecraft:damage_taken":782,"minecraft:damage_blocked_by_shield":600,"minecraft:drop":9,"minecraft:damage_dealt":2768,"minecraft:fly_one_cm":53309,"minecraft:open_chest":15,"minecraft:crouch_one_cm":258,"minecraft:play_time":58033,"minecraft:sneak_time":161,"minecraft:walk_under_water_one_cm":1745,"minecraft:jump":350,"minecraft:walk_on_water_one_cm":5683,"minecraft:interact_with_smoker":4,"minecraft:total_world_time":58033,"minecraft:fall_one_cm":11172},"minecraft:used":{"minecraft:cooked_mutton":1,"minecraft:stone_sword":4,"minecraft:stone_pickaxe":100,"minecraft:wooden_pickaxe":32,"minecraft:iron_sword":42,"minecraft:torch":3,"minecraft:crafting_table":4,"minecraft:smoker":1,"iceandfire:silver_pickaxe":17,"minecraft:iron_axe":33,"minecraft:stone_axe":14,"minecraft:cobblestone":15,"spartanshields:iron_basic_shield":10,"minecraft:furnace":2,"minecraft:bucket":1,"minecraft:cooked_beef":8},"minecraft:mined":{"iceandfire:silver_ore":3,"minecraft:crafting_table":4,"minecraft:grass_block":2,"minecraft:copper_ore":1,"minecraft:cobblestone":1,"minecraft:furnace":1,"minecraft:birch_log":7,"minecraft:grass":13,"minecraft:coal_ore":9,"minecraft:oak_log":35,"minecraft:stone":132,"minecraft:oak_leaves":2},"minecraft:dropped":{"minecraft:iron_ingot":23,"spartanshields:iron_tower_shield":1,"minecraft:wheat_seeds":1,"minecraft:raw_iron":43,"minecraft:iron_helmet":1,"minecraft:iron_boots":1,"minecraft:iron_chestplate":1,"minecraft:iron_leggings":1},"minecraft:picked_up":{"minecraft:birch_log":6,"minecraft:crafting_table":4,"minecraft:iron_chestplate":1,"minecraft:potato":1,"minecraft:oak_log":35,"minecraft:string":1,"minecraft:dirt":2,"minecraft:raw_copper":7,"minecraft:iron_leggings":1,"minecraft:bone":1,"graveyard:corruption":1,"minecraft:wheat_seeds":1,"minecraft:beef":63,"minecraft:iron_ingot":44,"minecraft:iron_boots":1,"minecraft:furnace":1,"minecraft:stick":2,"minecraft:raw_iron":43,"spartanshields:iron_tower_shield":1,"minecraft:spider_eye":1,"iceandfire:silver_ingot":2,"minecraft:arrow":2,"minecraft:rotten_flesh":9,"minecraft:iron_helmet":1,"minecraft:gray_wool":1,"minecraft:mutton":1,"minecraft:coal":79,"iceandfire:raw_silver":3,"minecraft:cobblestone":139}},"DataVersion":3465}