{"stats":{"minecraft:used":{"minecraft:cooked_mutton":1,"minecraft:water_bucket":5,"minecraft:stone_sword":4,"minecraft:stone_pickaxe":100,"minecraft:spruce_planks":95,"minecraft:wooden_pickaxe":32,"minecraft:iron_sword":49,"minecraft:torch":3,"minecraft:crafting_table":4,"minecraft:spruce_log":2,"minecraft:smoker":1,"minecraft:oak_log":25,"iceandfire:silver_pickaxe":17,"minecraft:iron_axe":180,"minecraft:stone_axe":14,"minecraft:cobblestone":17,"spartanshields:iron_basic_shield":10,"minecraft:furnace":2,"minecraft:bucket":6,"minecraft:cooked_beef":16},"minecraft:crafted":{"minecraft:cooked_beef":58,"minecraft:oak_planks":24,"iceandfire:silver_ingot":1,"minecraft:crafting_table":1,"minecraft:spruce_planks":92,"minecraft:wooden_pickaxe":1,"minecraft:iron_sword":1,"minecraft:furnace":2,"minecraft:bucket":1,"minecraft:stone_axe":1,"minecraft:cooked_mutton":1,"minecraft:air":0,"spartanshields:iron_basic_shield":1,"minecraft:iron_boots":1,"minecraft:iron_chestplate":1,"minecraft:iron_axe":1,"minecraft:stick":20,"minecraft:iron_ingot":4,"minecraft:stone_pickaxe":1,"minecraft:stone_sword":1,"spartanshields:wooden_basic_shield":1,"minecraft:torch":20,"iceandfire:silver_pickaxe":1,"minecraft:smoker":1},"minecraft:mined":{"minecraft:spruce_planks":4,"iceandfire:silver_ore":3,"minecraft:crafting_table":4,"minecraft:spruce_trapdoor":10,"gravestone:gravestone":1,"minecraft:spruce_fence":6,"minecraft:grass_block":2,"minecraft:tall_grass":2,"minecraft:copper_ore":1,"minecraft:cobblestone":1,"minecraft:spruce_leaves":2,"minecraft:large_fern":2,"minecraft:hay_block":1,"minecraft:furnace":1,"minecraft:birch_log":17,"minecraft:fire":1,"minecraft:spruce_log":29,"minecraft:birch_leaves":12,"minecraft:grass":18,"minecraft:oak_log":100,"minecraft:coal_ore":9,"minecraft:stone":132,"minecraft:oak_leaves":2},"minecraft:dropped":{"minecraft:iron_ingot":23,"spartanshields:iron_tower_shield":1,"minecraft:wheat_seeds":1,"minecraft:raw_iron":43,"minecraft:iron_helmet":1,"minecraft:iron_boots":1,"minecraft:iron_chestplate":1,"minecraft:oak_sapling":4,"minecraft:iron_leggings":1,"gravestone:obituary":1},"minecraft:killed":{"minecraft:pig":2,"graveyard:ghoul":1,"minecraft:spider":1,"minecraft:sheep":2,"minecraft:skeleton":2,"minecraft:zombie":9,"minecraft:drowned":1,"minecraft:cow":3},"minecraft:picked_up":{"minecraft:birch_log":16,"minecraft:iron_chestplate":1,"minecraft:crafting_table":4,"minecraft:leather":5,"minecraft:potato":1,"minecraft:oak_log":97,"gravestone:obituary":1,"minecraft:dirt":2,"minecraft:string":1,"minecraft:raw_copper":7,"minecraft:iron_leggings":1,"minecraft:bone":1,"minecraft:apple":1,"graveyard:corruption":1,"minecraft:wheat_seeds":1,"minecraft:spruce_planks":3,"minecraft:iron_ingot":44,"minecraft:beef":68,"minecraft:birch_sapling":8,"alexsmobs:cooked_lobster_tail":2,"minecraft:spruce_trapdoor":10,"minecraft:iron_boots":1,"minecraft:furnace":1,"minecraft:stick":13,"minecraft:raw_iron":43,"spartanshields:iron_tower_shield":1,"minecraft:spruce_fence":6,"minecraft:porkchop":6,"minecraft:spruce_sapling":5,"minecraft:spruce_log":25,"minecraft:spider_eye":1,"iceandfire:silver_ingot":2,"minecraft:arrow":2,"minecraft:rotten_flesh":11,"minecraft:hay_block":1,"minecraft:iron_helmet":1,"minecraft:gray_wool":1,"minecraft:oak_sapling":4,"minecraft:mutton":2,"minecraft:coal":79,"iceandfire:raw_silver":3,"minecraft:cobblestone":139},"minecraft:custom":{"minecraft:interact_with_furnace":14,"minecraft:mob_kills":22,"minecraft:interact_with_crafting_table":15,"minecraft:leave_game":2,"minecraft:time_since_death":29433,"minecraft:climb_one_cm":12,"minecraft:time_since_rest":29458,"minecraft:sprint_one_cm":162314,"minecraft:damage_taken":1439,"minecraft:walk_one_cm":168959,"minecraft:damage_blocked_by_shield":600,"minecraft:drop":12,"minecraft:damage_dealt":3729,"minecraft:fly_one_cm":175456,"minecraft:open_chest":50,"minecraft:crouch_one_cm":5724,"minecraft:deaths":1,"minecraft:play_time":90302,"minecraft:sneak_time":1543,"minecraft:walk_under_water_one_cm":9265,"minecraft:jump":882,"minecraft:walk_on_water_one_cm":5971,"minecraft:interact_with_smoker":4,"minecraft:total_world_time":90302,"minecraft:fall_one_cm":28781}},"DataVersion":3465}