{"stats":{"minecraft:killed":{"minecraft:spider":2,"graveyard:wraith":2,"minecraft:skeleton":9,"minecraft:chicken":2,"minecraft:drowned":1,"minecraft:pig":2,"graveyard:ghoul":1,"minecraft:sheep":5,"minecraft:zombie":11,"minecraft:cow":3},"minecraft:custom":{"minecraft:mob_kills":40,"minecraft:interact_with_crafting_table":34,"minecraft:open_barrel":6,"minecraft:leave_game":3,"minecraft:time_since_death":132170,"minecraft:climb_one_cm":45,"minecraft:sprint_one_cm":411015,"minecraft:walk_one_cm":440399,"minecraft:damage_blocked_by_shield":1635,"minecraft:drop":22,"minecraft:damage_dealt_absorbed":58,"minecraft:play_time":193039,"minecraft:deaths":1,"minecraft:sneak_time":3369,"minecraft:walk_under_water_one_cm":30586,"minecraft:jump":2401,"minecraft:walk_on_water_one_cm":11488,"minecraft:total_world_time":193039,"minecraft:interact_with_furnace":27,"minecraft:sleep_in_bed":2,"minecraft:time_since_rest":88518,"minecraft:damage_taken":3342,"minecraft:damage_dealt":6625,"minecraft:swim_one_cm":28464,"minecraft:fly_one_cm":415808,"minecraft:open_chest":93,"minecraft:crouch_one_cm":14378,"minecraft:interact_with_smoker":4,"minecraft:fall_one_cm":56019},"minecraft:used":{"minecraft:stone_sword":4,"minecraft:iron_shovel":441,"minecraft:chest":3,"minecraft:spruce_planks":159,"minecraft:iron_sword":96,"minecraft:oak_door":1,"minecraft:torch":15,"minecraft:dirt":237,"minecraft:iron_axe":921,"minecraft:stone_bricks":4,"spartanshields:iron_basic_shield":28,"minecraft:furnace":4,"minecraft:cooked_beef":40,"minecraft:cooked_mutton":1,"minecraft:water_bucket":7,"minecraft:cobblestone_stairs":27,"minecraft:stone_pickaxe":100,"minecraft:wooden_pickaxe":32,"minecraft:crafting_table":6,"minecraft:white_bed":2,"minecraft:spruce_log":48,"minecraft:smoker":2,"minecraft:oak_log":56,"iceandfire:silver_pickaxe":380,"minecraft:stone_axe":14,"minecraft:diamond_sword":13,"minecraft:cobblestone":157,"minecraft:bucket":8},"minecraft:broken":{"minecraft:iron_shovel":1,"minecraft:iron_axe":3},"minecraft:crafted":{"minecraft:oak_door":3,"minecraft:oak_planks":76,"minecraft:furnace":5,"minecraft:cobblestone_stairs":32,"minecraft:cooked_mutton":1,"spartanshields:iron_basic_shield":1,"minecraft:iron_boots":1,"minecraft:iron_axe":4,"minecraft:stone_pickaxe":1,"minecraft:chest":3,"minecraft:stone_bricks":4,"minecraft:smoker":2,"minecraft:cooked_beef":58,"minecraft:diamond_sword":1,"iceandfire:silver_ingot":1,"minecraft:crafting_table":2,"minecraft:spruce_planks":348,"minecraft:wooden_pickaxe":1,"minecraft:iron_sword":1,"minecraft:bucket":1,"minecraft:stone_axe":1,"minecraft:air":0,"minecraft:iron_chestplate":1,"minecraft:stick":32,"minecraft:iron_ingot":45,"minecraft:stone_sword":1,"minecraft:iron_shovel":3,"spartanshields:wooden_basic_shield":1,"minecraft:white_bed":1,"minecraft:torch":20,"iceandfire:silver_pickaxe":1},"minecraft:picked_up":{"minecraft:crafting_table":5,"minecraft:iron_chestplate":1,"minecraft:clay_ball":68,"minecraft:diamond_sword":1,"minecraft:stone_slab":1,"gravestone:obituary":1,"minecraft:iron_axe":1,"minecraft:moss_carpet":2,"minecraft:string":4,"minecraft:raw_copper":23,"minecraft:iron_leggings":1,"minecraft:iron_shovel":1,"graveyard:corruption":1,"minecraft:cobbled_deepslate":52,"minecraft:spruce_planks":7,"minecraft:beef":68,"minecraft:poppy":1,"alexsmobs:cooked_lobster_tail":2,"minecraft:birch_sapling":8,"minecraft:spruce_trapdoor":10,"minecraft:egg":1,"minecraft:furnace":1,"minecraft:iron_boots":1,"minecraft:stick":61,"minecraft:raw_iron":84,"minecraft:stone":6,"minecraft:oak_door":1,"minecraft:big_dripleaf":2,"minecraft:torch":10,"minecraft:spruce_fence":6,"minecraft:porkchop":6,"iceandfire:silver_ingot":2,"minecraft:arrow":2,"minecraft:rotten_flesh":11,"minecraft:hay_block":1,"minecraft:glow_berries":1,"minecraft:mutton":6,"minecraft:cobblestone":400,"minecraft:white_wool":3,"minecraft:birch_log":16,"minecraft:leather":5,"minecraft:potato":1,"minecraft:flint":3,"minecraft:oak_log":150,"minecraft:dirt":487,"minecraft:bone":4,"minecraft:apple":3,"minecraft:wheat_seeds":8,"minecraft:iron_ingot":44,"minecraft:moss_block":1,"minecraft:flowering_azalea":1,"spartanshields:iron_tower_shield":1,"minecraft:sweet_berries":6,"minecraft:gravel":14,"minecraft:spruce_sapling":114,"minecraft:white_bed":1,"minecraft:spruce_log":661,"minecraft:fermented_spider_eye":17,"minecraft:spider_eye":2,"minecraft:mossy_cobblestone":5,"minecraft:iron_helmet":1,"minecraft:gray_wool":1,"minecraft:oak_sapling":29,"minecraft:coal":202,"iceandfire:raw_silver":5},"minecraft:mined":{"minecraft:spruce_planks":8,"minecraft:white_bed":1,"iceandfire:silver_ore":5,"minecraft:mossy_cobblestone":4,"minecraft:oak_door":1,"minecraft:spruce_trapdoor":10,"gravestone:gravestone":1,"minecraft:grass_block":4,"minecraft:spruce_fence":6,"minecraft:spruce_leaves":2,"minecraft:moss_block":1,"minecraft:large_fern":7,"minecraft:hay_block":1,"minecraft:furnace":1,"minecraft:iron_ore":6,"minecraft:fire":1,"minecraft:dirt_path":1,"minecraft:cave_vines":2,"minecraft:stone":388,"minecraft:podzol":316,"minecraft:flowering_azalea":1,"minecraft:clay":17,"minecraft:crafting_table":5,"minecraft:torch":1,"minecraft:poppy":1,"minecraft:stone_slab":1,"minecraft:tall_grass":7,"minecraft:glass":3,"minecraft:copper_ore":2,"minecraft:cobblestone":16,"minecraft:wall_torch":1,"minecraft:birch_log":17,"minecraft:sweet_berry_bush":7,"minecraft:spruce_log":669,"minecraft:birch_leaves":12,"minecraft:grass":31,"minecraft:oak_log":172,"minecraft:coal_ore":25,"minecraft:gravel":5,"minecraft:dirt":131,"minecraft:cobweb":1,"minecraft:oak_leaves":2,"minecraft:deepslate":52,"minecraft:fern":5},"minecraft:dropped":{"minecraft:iron_ingot":23,"spartanshields:iron_tower_shield":1,"minecraft:wheat_seeds":1,"minecraft:iron_helmet":1,"minecraft:cobblestone_stairs":6,"minecraft:dirt":64,"minecraft:iron_leggings":1,"gravestone:obituary":1,"minecraft:iron_axe":1,"minecraft:iron_shovel":1,"minecraft:raw_iron":43,"minecraft:oak_planks":2,"minecraft:iron_boots":1,"minecraft:pumpkin_seeds":2,"minecraft:diamond_sword":1,"minecraft:spruce_planks":128,"minecraft:iron_chestplate":1,"minecraft:oak_sapling":4}},"DataVersion":3465}