{"stats":{"minecraft:broken":{"minecraft:iron_shovel":4,"iceandfire:silver_pickaxe":1,"minecraft:iron_axe":4},"minecraft:mined":{"minecraft:spruce_planks":149,"minecraft:white_bed":1,"iceandfire:silver_ore":6,"minecraft:mossy_cobblestone":12,"minecraft:oak_door":1,"minecraft:spruce_trapdoor":10,"gravestone:gravestone":1,"minecraft:grass_block":4,"minecraft:spruce_fence":6,"minecraft:spruce_leaves":2,"minecraft:moss_block":1,"minecraft:large_fern":7,"minecraft:hay_block":1,"minecraft:furnace":1,"minecraft:iron_ore":6,"minecraft:fire":1,"minecraft:cave_vines":2,"minecraft:dirt_path":1,"minecraft:stone":609,"minecraft:podzol":398,"minecraft:flowering_azalea":1,"minecraft:clay":17,"minecraft:crafting_table":5,"minecraft:torch":6,"minecraft:poppy":1,"minecraft:stone_slab":1,"minecraft:tall_grass":7,"minecraft:glass":4,"minecraft:copper_ore":3,"minecraft:cobblestone":33,"minecraft:wall_torch":6,"minecraft:stone_stairs":26,"minecraft:birch_log":17,"minecraft:sweet_berry_bush":7,"minecraft:spruce_log":720,"minecraft:birch_leaves":12,"minecraft:grass":31,"minecraft:oak_log":172,"minecraft:coal_ore":26,"minecraft:gravel":15,"minecraft:dirt":684,"minecraft:cobweb":1,"minecraft:oak_leaves":2,"minecraft:deepslate":52,"minecraft:fern":6},"minecraft:used":{"minecraft:stone_sword":4,"minecraft:iron_shovel":1068,"minecraft:chest":39,"minecraft:spruce_planks":374,"minecraft:stone":226,"minecraft:iron_sword":96,"minecraft:oak_door":1,"minecraft:torch":57,"minecraft:dirt":275,"alexsmobs:maraca":31,"minecraft:spruce_stairs":6,"minecraft:stone_stairs":36,"minecraft:glass":40,"minecraft:iron_axe":1115,"minecraft:stone_bricks":16,"spartanshields:iron_basic_shield":28,"minecraft:furnace":4,"minecraft:cooked_beef":46,"minecraft:cooked_mutton":1,"minecraft:water_bucket":7,"minecraft:cobblestone_stairs":27,"minecraft:stone_pickaxe":100,"minecraft:wooden_pickaxe":32,"minecraft:crafting_table":7,"minecraft:white_bed":2,"minecraft:spruce_log":192,"minecraft:smoker":2,"iceandfire:silver_pickaxe":464,"minecraft:oak_log":56,"minecraft:iron_pickaxe":194,"minecraft:stone_axe":14,"minecraft:diamond_sword":15,"globalxp:xp_block":1,"minecraft:cobblestone":225,"minecraft:bucket":8},"minecraft:picked_up":{"minecraft:crafting_table":5,"minecraft:iron_chestplate":1,"alexsmobs:maraca":2,"minecraft:clay_ball":68,"minecraft:diamond_sword":1,"minecraft:stone_slab":1,"gravestone:obituary":1,"minecraft:stone_stairs":26,"minecraft:iron_axe":1,"minecraft:moss_carpet":2,"minecraft:string":4,"minecraft:raw_copper":43,"minecraft:iron_leggings":1,"minecraft:iron_shovel":1,"graveyard:corruption":1,"minecraft:cobbled_deepslate":52,"minecraft:spruce_planks":164,"minecraft:beef":68,"minecraft:poppy":1,"minecraft:iron_pickaxe":1,"alexsmobs:cooked_lobster_tail":2,"minecraft:birch_sapling":8,"minecraft:spruce_trapdoor":10,"minecraft:furnace":1,"minecraft:iron_boots":1,"minecraft:egg":1,"minecraft:stick":61,"minecraft:raw_iron":84,"minecraft:stone":6,"minecraft:oak_door":1,"minecraft:big_dripleaf":2,"minecraft:torch":36,"minecraft:spruce_stairs":2,"minecraft:spruce_fence":6,"minecraft:porkchop":6,"minecraft:rotten_flesh":12,"iceandfire:silver_ingot":2,"minecraft:arrow":2,"minecraft:hay_block":1,"minecraft:glow_berries":1,"minecraft:mutton":6,"minecraft:cobblestone":663,"minecraft:white_wool":3,"minecraft:birch_log":16,"minecraft:leather":5,"minecraft:potato":1,"minecraft:flint":3,"minecraft:oak_log":150,"minecraft:dirt":1110,"minecraft:lantern":2,"minecraft:bone":4,"minecraft:apple":3,"minecraft:stone_bricks":12,"minecraft:wheat_seeds":8,"minecraft:iron_ingot":44,"minecraft:moss_block":1,"minecraft:flowering_azalea":1,"spartanshields:iron_tower_shield":1,"minecraft:sweet_berries":6,"minecraft:gravel":22,"minecraft:spruce_sapling":114,"minecraft:white_bed":1,"minecraft:spruce_log":728,"minecraft:fermented_spider_eye":17,"minecraft:spider_eye":2,"minecraft:mossy_cobblestone":19,"minecraft:iron_helmet":1,"minecraft:gray_wool":1,"minecraft:emerald":16,"minecraft:oak_sapling":29,"minecraft:coal":273,"iceandfire:raw_silver":6},"minecraft:killed":{"minecraft:spider":2,"graveyard:wraith":2,"minecraft:skeleton":9,"minecraft:chicken":2,"minecraft:drowned":1,"minecraft:pig":2,"graveyard:ghoul":1,"minecraft:creeper":1,"minecraft:sheep":5,"minecraft:zombie":11,"minecraft:cow":3},"minecraft:crafted":{"minecraft:oak_door":3,"minecraft:smooth_stone":2,"minecraft:oak_planks":76,"globalxp:xp_block":1,"minecraft:furnace":5,"minecraft:stone":370,"minecraft:cobblestone_stairs":32,"minecraft:iron_bars":16,"minecraft:stone_stairs":12,"minecraft:cooked_mutton":1,"spartanshields:iron_basic_shield":1,"minecraft:glass":42,"minecraft:spruce_stairs":8,"minecraft:iron_boots":1,"minecraft:iron_axe":5,"minecraft:stone_pickaxe":1,"minecraft:chest":39,"minecraft:stone_bricks":4,"minecraft:smoker":2,"minecraft:cooked_beef":58,"minecraft:diamond_sword":1,"iceandfire:silver_ingot":1,"minecraft:crafting_table":3,"minecraft:spruce_planks":760,"minecraft:wooden_pickaxe":1,"minecraft:iron_sword":1,"minecraft:bucket":1,"minecraft:stone_axe":1,"minecraft:air":0,"minecraft:iron_chestplate":1,"minecraft:stick":32,"minecraft:iron_ingot":45,"minecraft:iron_pickaxe":1,"minecraft:stone_sword":1,"minecraft:iron_shovel":6,"spartanshields:wooden_basic_shield":1,"minecraft:white_bed":1,"minecraft:torch":20,"iceandfire:silver_pickaxe":1},"minecraft:custom":{"minecraft:mob_kills":41,"minecraft:interact_with_crafting_table":48,"minecraft:open_barrel":6,"minecraft:leave_game":3,"minecraft:time_since_death":209141,"minecraft:climb_one_cm":45,"minecraft:sprint_one_cm":582748,"minecraft:walk_one_cm":755671,"minecraft:damage_blocked_by_shield":1635,"minecraft:drop":26,"minecraft:damage_dealt_absorbed":58,"minecraft:play_time":270010,"minecraft:deaths":1,"minecraft:sneak_time":7300,"minecraft:walk_under_water_one_cm":31916,"minecraft:jump":2888,"minecraft:walk_on_water_one_cm":13544,"minecraft:total_world_time":270010,"minecraft:interact_with_furnace":101,"minecraft:sleep_in_bed":2,"minecraft:time_since_rest":165489,"minecraft:damage_taken":3489,"minecraft:damage_dealt":6903,"minecraft:swim_one_cm":32019,"minecraft:fly_one_cm":475474,"minecraft:open_chest":118,"minecraft:crouch_one_cm":30014,"minecraft:interact_with_smoker":4,"minecraft:fall_one_cm":66416},"minecraft:dropped":{"minecraft:iron_ingot":23,"spartanshields:iron_tower_shield":1,"minecraft:wheat_seeds":1,"minecraft:iron_helmet":1,"minecraft:spruce_stairs":2,"alexsmobs:maraca":1,"minecraft:cobblestone_stairs":6,"minecraft:dirt":64,"minecraft:iron_leggings":1,"gravestone:obituary":1,"minecraft:iron_axe":1,"minecraft:iron_pickaxe":1,"minecraft:iron_shovel":2,"minecraft:raw_iron":43,"minecraft:oak_planks":2,"minecraft:iron_boots":1,"minecraft:pumpkin_seeds":2,"minecraft:diamond_sword":1,"minecraft:spruce_planks":128,"minecraft:iron_chestplate":1,"minecraft:oak_sapling":4}},"DataVersion":3465}