{"stats":{"minecraft:broken":{"minecraft:iron_shovel":4,"minecraft:iron_boots":1,"minecraft:iron_chestplate":1,"iceandfire:silver_pickaxe":1,"minecraft:iron_axe":4,"spartanshields:iron_basic_shield":1,"minecraft:iron_pickaxe":1},"minecraft:mined":{"minecraft:spruce_planks":149,"minecraft:white_bed":3,"iceandfire:silver_ore":6,"minecraft:mossy_cobblestone":26,"minecraft:oak_door":1,"minecraft:cobblestone_stairs":1,"minecraft:spruce_trapdoor":19,"gravestone:gravestone":5,"minecraft:stone_brick_wall":3,"minecraft:grass_block":4,"minecraft:spruce_fence":6,"minecraft:spruce_leaves":2,"minecraft:moss_block":1,"minecraft:large_fern":9,"minecraft:hay_block":1,"minecraft:furnace":2,"minecraft:iron_ore":6,"minecraft:fire":1,"minecraft:red_tulip":1,"minecraft:cave_vines":2,"minecraft:dirt_path":1,"minecraft:stone":613,"minecraft:podzol":410,"minecraft:flowering_azalea":1,"iceandfire:dragon_ice_spikes":11,"iceandfire:frozen_gravel":1,"minecraft:clay":17,"minecraft:crafting_table":6,"minecraft:torch":12,"minecraft:poppy":1,"minecraft:chest":34,"minecraft:stone_slab":1,"minecraft:tall_grass":7,"minecraft:glass":26,"minecraft:copper_ore":3,"minecraft:cobblestone":65,"minecraft:wall_torch":10,"minecraft:stone_stairs":26,"minecraft:birch_log":17,"minecraft:sweet_berry_bush":7,"globalxp:xp_block":1,"minecraft:spruce_log":722,"minecraft:birch_leaves":12,"minecraft:grass":32,"minecraft:oak_log":172,"minecraft:coal_ore":26,"minecraft:dark_oak_sign":1,"minecraft:gravel":15,"minecraft:dirt":702,"minecraft:cobweb":1,"minecraft:stone_bricks":6,"minecraft:oak_leaves":2,"minecraft:deepslate":52,"minecraft:fern":7},"minecraft:used":{"minecraft:stone_sword":4,"minecraft:iron_shovel":1094,"minecraft:chest":42,"minecraft:spruce_planks":376,"minecraft:stone":248,"minecraft:iron_sword":96,"minecraft:oak_door":1,"minecraft:torch":79,"minecraft:dirt":312,"alexsmobs:maraca":31,"ironchest:diamond_chest":3,"minecraft:spruce_stairs":6,"minecraft:stone_stairs":36,"minecraft:glass":40,"minecraft:lantern":2,"minecraft:iron_axe":1163,"minecraft:stone_bricks":57,"spartanshields:iron_basic_shield":76,"minecraft:furnace":6,"minecraft:cooked_beef":67,"minecraft:cooked_mutton":1,"minecraft:water_bucket":21,"minecraft:cobblestone_stairs":38,"minecraft:stone_pickaxe":100,"minecraft:wooden_pickaxe":32,"minecraft:spruce_sign":2,"minecraft:salmon":9,"minecraft:crafting_table":9,"minecraft:white_bed":4,"minecraft:cod":13,"minecraft:stone_brick_wall":25,"minecraft:spruce_log":238,"minecraft:smoker":8,"iceandfire:silver_pickaxe":464,"minecraft:oak_log":56,"minecraft:bread":18,"minecraft:iron_pickaxe":268,"minecraft:spruce_trapdoor":23,"minecraft:stone_axe":14,"minecraft:diamond_sword":65,"globalxp:xp_block":2,"minecraft:cobblestone":238,"minecraft:bucket":22},"minecraft:picked_up":{"minecraft:fishing_rod":1,"minecraft:coarse_dirt":3,"minecraft:crafting_table":6,"minecraft:iron_chestplate":1,"minecraft:allium":9,"alexsmobs:maraca":3,"minecraft:azure_bluet":1,"minecraft:clay_ball":68,"minecraft:diamond_sword":1,"minecraft:stone_slab":1,"minecraft:stone_brick_wall":3,"iceandfire:frozen_cobblestone":3,"gravestone:obituary":1,"minecraft:stone_stairs":26,"minecraft:iron_axe":1,"minecraft:moss_carpet":4,"minecraft:string":9,"minecraft:raw_copper":43,"minecraft:iron_leggings":1,"minecraft:iron_shovel":1,"graveyard:corruption":1,"minecraft:cobbled_deepslate":52,"minecraft:spruce_planks":205,"minecraft:beef":68,"iceandfire:frozen_gravel":9,"minecraft:phantom_membrane":1,"minecraft:poppy":1,"minecraft:iron_pickaxe":1,"globalxp:xp_block":1,"minecraft:chest":25,"alexsmobs:cooked_lobster_tail":2,"minecraft:birch_sapling":9,"minecraft:spruce_trapdoor":19,"minecraft:furnace":2,"minecraft:iron_boots":1,"minecraft:egg":1,"minecraft:dark_oak_sapling":6,"minecraft:stick":96,"minecraft:raw_iron":84,"minecraft:stone":67,"minecraft:oak_door":4,"minecraft:big_dripleaf":2,"minecraft:torch":46,"minecraft:spruce_stairs":2,"minecraft:spruce_fence":6,"minecraft:porkchop":6,"ironchest:gold_chest":2,"ironchest:diamond_chest":3,"alexsmobs:crocodile_scute":1,"minecraft:rotten_flesh":17,"iceandfire:silver_ingot":2,"minecraft:arrow":2,"minecraft:tropical_fish":6,"minecraft:hay_block":1,"minecraft:red_tulip":1,"minecraft:gold_ingot":11,"minecraft:glow_berries":1,"minecraft:mutton":6,"minecraft:cod":29,"minecraft:cobblestone":692,"minecraft:white_wool":3,"minecraft:birch_log":16,"minecraft:cooked_beef":9,"minecraft:salmon":9,"minecraft:leather":5,"minecraft:smoker":1,"minecraft:potato":1,"minecraft:flint":3,"minecraft:oak_log":186,"minecraft:gunpowder":4,"minecraft:cobblestone_stairs":1,"minecraft:dirt":1191,"minecraft:lantern":4,"minecraft:bone":5,"minecraft:apple":4,"minecraft:stone_bricks":16,"minecraft:bow":1,"minecraft:wheat_seeds":15,"alexsmobs:cockroach_wing_fragment":3,"minecraft:iron_ingot":64,"minecraft:dark_oak_sign":1,"minecraft:oak_planks":10,"minecraft:moss_block":1,"minecraft:iron_sword":1,"minecraft:flowering_azalea":1,"spartanshields:iron_tower_shield":1,"minecraft:sweet_berries":12,"minecraft:dandelion":2,"minecraft:gravel":22,"minecraft:spruce_sapling":228,"minecraft:white_bed":3,"minecraft:spruce_log":891,"minecraft:fermented_spider_eye":63,"iceandfire:frozen_dirt":17,"minecraft:dark_oak_log":36,"minecraft:spider_eye":20,"minecraft:mossy_cobblestone":33,"minecraft:diamond":8,"minecraft:iron_helmet":1,"minecraft:gray_wool":1,"minecraft:bread":18,"minecraft:emerald":16,"minecraft:oak_sapling":29,"iceandfire:silver_nugget":2,"minecraft:coal":336,"iceandfire:raw_silver":6},"minecraft:killed":{"minecraft:spider":4,"graveyard:wraith":2,"minecraft:skeleton":10,"minecraft:chicken":2,"minecraft:drowned":1,"minecraft:pig":2,"graveyard:ghoul":1,"minecraft:creeper":1,"minecraft:sheep":5,"alexsmobs:crocodile":1,"minecraft:zombie":16,"minecraft:cow":3},"minecraft:crafted":{"minecraft:oak_door":3,"minecraft:smooth_stone":2,"minecraft:oak_planks":76,"minecraft:stone_brick_wall":30,"globalxp:xp_block":1,"minecraft:furnace":12,"minecraft:stone":449,"minecraft:cobblestone_stairs":56,"minecraft:iron_bars":16,"minecraft:stone_stairs":12,"minecraft:cooked_mutton":1,"spartanshields:iron_basic_shield":3,"minecraft:glass":42,"minecraft:spruce_stairs":8,"minecraft:iron_boots":1,"minecraft:iron_axe":5,"minecraft:stone_pickaxe":1,"minecraft:chest":41,"minecraft:stone_bricks":76,"minecraft:smoker":7,"minecraft:cooked_beef":58,"minecraft:diamond_sword":1,"minecraft:spruce_sign":3,"iceandfire:silver_ingot":1,"minecraft:crafting_table":4,"minecraft:spruce_planks":820,"minecraft:wooden_pickaxe":1,"minecraft:iron_helmet":1,"minecraft:iron_sword":1,"minecraft:bucket":1,"minecraft:stone_axe":1,"minecraft:air":0,"minecraft:spruce_trapdoor":14,"minecraft:iron_chestplate":1,"minecraft:stick":32,"minecraft:iron_ingot":45,"minecraft:iron_pickaxe":2,"minecraft:stone_sword":1,"minecraft:iron_shovel":6,"minecraft:iron_leggings":1,"spartanshields:wooden_basic_shield":3,"minecraft:white_bed":1,"minecraft:torch":60,"iceandfire:silver_pickaxe":1},"minecraft:custom":{"minecraft:mob_kills":50,"minecraft:interact_with_crafting_table":73,"minecraft:open_barrel":8,"minecraft:leave_game":3,"minecraft:time_since_death":9025,"minecraft:climb_one_cm":1921,"minecraft:sprint_one_cm":790490,"minecraft:walk_one_cm":1038834,"minecraft:damage_blocked_by_shield":2945,"minecraft:drop":62,"minecraft:damage_dealt_absorbed":58,"minecraft:play_time":360010,"minecraft:deaths":6,"minecraft:sneak_time":8012,"minecraft:walk_under_water_one_cm":59052,"minecraft:jump":3969,"minecraft:walk_on_water_one_cm":23431,"minecraft:total_world_time":360010,"minecraft:interact_with_furnace":131,"minecraft:interact_with_loom":2,"minecraft:sleep_in_bed":3,"minecraft:time_since_rest":9070,"minecraft:damage_taken":8728,"minecraft:damage_dealt":9894,"minecraft:swim_one_cm":33682,"minecraft:fly_one_cm":638692,"minecraft:open_chest":164,"minecraft:crouch_one_cm":32185,"minecraft:interact_with_smoker":4,"minecraft:fall_one_cm":88031},"minecraft:dropped":{"minecraft:iron_ingot":23,"spartanshields:iron_tower_shield":1,"minecraft:wheat_seeds":1,"minecraft:mossy_cobblestone":14,"minecraft:diamond":15,"minecraft:dark_oak_sapling":2,"minecraft:iron_helmet":1,"iceandfire:frozen_dirt":17,"iceandfire:frozen_gravel":9,"minecraft:cod":16,"minecraft:stick":1,"minecraft:spruce_stairs":2,"spartanshields:iron_basic_shield":1,"alexsmobs:maraca":1,"minecraft:cobblestone_stairs":20,"minecraft:dirt":64,"minecraft:iron_leggings":1,"gravestone:obituary":3,"minecraft:phantom_membrane":1,"minecraft:iron_axe":1,"minecraft:iron_pickaxe":1,"minecraft:iron_shovel":2,"minecraft:spruce_sapling":1,"iceandfire:frozen_cobblestone":3,"minecraft:dandelion":2,"minecraft:coarse_dirt":3,"minecraft:birch_sapling":1,"minecraft:raw_iron":43,"minecraft:oak_planks":2,"minecraft:iron_boots":1,"minecraft:pumpkin_seeds":2,"minecraft:diamond_sword":1,"minecraft:gunpowder":4,"minecraft:spruce_planks":128,"minecraft:iron_chestplate":1,"minecraft:oak_sapling":4}},"DataVersion":3465}