{"stats":{"minecraft:broken":{"minecraft:iron_axe":1},"minecraft:used":{"minecraft:stone_sword":4,"minecraft:spruce_planks":95,"minecraft:chest":1,"minecraft:iron_sword":80,"minecraft:oak_door":1,"minecraft:torch":12,"minecraft:iron_axe":262,"spartanshields:iron_basic_shield":13,"minecraft:furnace":2,"minecraft:cooked_beef":31,"minecraft:cooked_mutton":1,"minecraft:water_bucket":7,"minecraft:cobblestone_stairs":27,"minecraft:stone_pickaxe":100,"minecraft:wooden_pickaxe":32,"minecraft:crafting_table":5,"minecraft:white_bed":2,"minecraft:smoker":1,"minecraft:spruce_log":2,"minecraft:oak_log":56,"iceandfire:silver_pickaxe":351,"minecraft:stone_axe":14,"minecraft:cobblestone":143,"minecraft:bucket":8},"minecraft:crafted":{"minecraft:oak_door":3,"minecraft:oak_planks":44,"minecraft:furnace":2,"minecraft:cobblestone_stairs":32,"minecraft:cooked_mutton":1,"spartanshields:iron_basic_shield":1,"minecraft:iron_boots":1,"minecraft:iron_axe":1,"minecraft:stone_pickaxe":1,"minecraft:chest":1,"minecraft:smoker":1,"minecraft:cooked_beef":58,"iceandfire:silver_ingot":1,"minecraft:crafting_table":2,"minecraft:spruce_planks":92,"minecraft:wooden_pickaxe":1,"minecraft:iron_sword":1,"minecraft:bucket":1,"minecraft:stone_axe":1,"minecraft:air":0,"minecraft:iron_chestplate":1,"minecraft:stick":20,"minecraft:iron_ingot":4,"minecraft:stone_sword":1,"spartanshields:wooden_basic_shield":1,"minecraft:white_bed":1,"minecraft:torch":20,"iceandfire:silver_pickaxe":1},"minecraft:mined":{"minecraft:spruce_planks":4,"minecraft:white_bed":1,"iceandfire:silver_ore":5,"minecraft:oak_door":1,"minecraft:spruce_trapdoor":10,"gravestone:gravestone":1,"minecraft:spruce_fence":6,"minecraft:grass_block":4,"minecraft:spruce_leaves":2,"minecraft:moss_block":1,"minecraft:large_fern":3,"minecraft:hay_block":1,"minecraft:furnace":1,"minecraft:iron_ore":6,"minecraft:fire":1,"minecraft:cave_vines":2,"minecraft:stone":377,"minecraft:flowering_azalea":1,"minecraft:clay":17,"minecraft:crafting_table":5,"minecraft:torch":1,"minecraft:stone_slab":1,"minecraft:tall_grass":6,"minecraft:glass":3,"minecraft:copper_ore":2,"minecraft:cobblestone":2,"minecraft:wall_torch":1,"minecraft:birch_log":17,"minecraft:spruce_log":29,"minecraft:birch_leaves":12,"minecraft:grass":24,"minecraft:oak_log":172,"minecraft:coal_ore":25,"minecraft:gravel":5,"minecraft:dirt":8,"minecraft:cobweb":1,"minecraft:oak_leaves":2,"minecraft:deepslate":52},"minecraft:dropped":{"minecraft:iron_ingot":23,"spartanshields:iron_tower_shield":1,"minecraft:wheat_seeds":1,"minecraft:iron_helmet":1,"minecraft:cobblestone_stairs":6,"minecraft:iron_leggings":1,"gravestone:obituary":1,"minecraft:raw_iron":43,"minecraft:oak_planks":2,"minecraft:iron_boots":1,"minecraft:iron_chestplate":1,"minecraft:oak_sapling":4},"minecraft:killed":{"minecraft:spider":1,"graveyard:wraith":2,"minecraft:skeleton":5,"minecraft:chicken":2,"minecraft:drowned":1,"minecraft:pig":2,"graveyard:ghoul":1,"minecraft:sheep":5,"minecraft:zombie":10,"minecraft:cow":3},"minecraft:picked_up":{"minecraft:iron_chestplate":1,"minecraft:crafting_table":5,"minecraft:clay_ball":68,"minecraft:stone_slab":1,"gravestone:obituary":1,"minecraft:string":2,"minecraft:raw_copper":23,"minecraft:iron_leggings":1,"graveyard:corruption":1,"minecraft:cobbled_deepslate":52,"minecraft:spruce_planks":3,"minecraft:beef":68,"alexsmobs:cooked_lobster_tail":2,"minecraft:birch_sapling":8,"minecraft:spruce_trapdoor":10,"minecraft:furnace":1,"minecraft:iron_boots":1,"minecraft:egg":1,"minecraft:stick":14,"minecraft:raw_iron":84,"minecraft:oak_door":1,"minecraft:big_dripleaf":2,"minecraft:torch":7,"minecraft:spruce_fence":6,"minecraft:porkchop":6,"iceandfire:silver_ingot":2,"minecraft:arrow":2,"minecraft:rotten_flesh":11,"minecraft:hay_block":1,"minecraft:glow_berries":1,"minecraft:mutton":6,"minecraft:cobblestone":386,"minecraft:white_wool":3,"minecraft:birch_log":16,"minecraft:leather":5,"minecraft:potato":1,"minecraft:flint":3,"minecraft:oak_log":150,"minecraft:dirt":9,"minecraft:bone":2,"minecraft:apple":3,"minecraft:wheat_seeds":1,"minecraft:iron_ingot":44,"minecraft:moss_block":1,"minecraft:flowering_azalea":1,"spartanshields:iron_tower_shield":1,"minecraft:gravel":14,"minecraft:spruce_sapling":5,"minecraft:white_bed":1,"minecraft:spruce_log":25,"minecraft:spider_eye":1,"minecraft:iron_helmet":1,"minecraft:gray_wool":1,"minecraft:oak_sapling":29,"minecraft:coal":202,"iceandfire:raw_silver":5},"minecraft:custom":{"minecraft:mob_kills":33,"minecraft:interact_with_crafting_table":23,"minecraft:open_barrel":6,"minecraft:leave_game":3,"minecraft:time_since_death":94431,"minecraft:climb_one_cm":45,"minecraft:sprint_one_cm":317333,"minecraft:walk_one_cm":291742,"minecraft:damage_blocked_by_shield":915,"minecraft:drop":14,"minecraft:damage_dealt_absorbed":58,"minecraft:play_time":155300,"minecraft:deaths":1,"minecraft:sneak_time":2216,"minecraft:walk_under_water_one_cm":30586,"minecraft:jump":1973,"minecraft:walk_on_water_one_cm":11488,"minecraft:total_world_time":155300,"minecraft:interact_with_furnace":14,"minecraft:sleep_in_bed":2,"minecraft:time_since_rest":50779,"minecraft:damage_taken":2682,"minecraft:damage_dealt":5433,"minecraft:swim_one_cm":28464,"minecraft:fly_one_cm":345415,"minecraft:open_chest":81,"minecraft:crouch_one_cm":8602,"minecraft:interact_with_smoker":4,"minecraft:fall_one_cm":46645}},"DataVersion":3465}