{"stats":{"minecraft:broken":{"minecraft:iron_shovel":4,"iceandfire:silver_pickaxe":1,"minecraft:iron_axe":4},"minecraft:mined":{"minecraft:spruce_planks":149,"minecraft:white_bed":1,"iceandfire:silver_ore":6,"minecraft:mossy_cobblestone":12,"minecraft:oak_door":1,"minecraft:spruce_trapdoor":10,"gravestone:gravestone":1,"minecraft:stone_brick_wall":3,"minecraft:grass_block":4,"minecraft:spruce_fence":6,"minecraft:spruce_leaves":2,"minecraft:moss_block":1,"minecraft:large_fern":7,"minecraft:hay_block":1,"minecraft:furnace":1,"minecraft:iron_ore":6,"minecraft:fire":1,"minecraft:cave_vines":2,"minecraft:dirt_path":1,"minecraft:stone":612,"minecraft:podzol":401,"minecraft:flowering_azalea":1,"minecraft:clay":17,"minecraft:crafting_table":5,"minecraft:torch":12,"minecraft:poppy":1,"minecraft:chest":33,"minecraft:stone_slab":1,"minecraft:tall_grass":7,"minecraft:glass":25,"minecraft:copper_ore":3,"minecraft:cobblestone":65,"minecraft:wall_torch":10,"minecraft:stone_stairs":26,"minecraft:birch_log":17,"minecraft:sweet_berry_bush":7,"globalxp:xp_block":1,"minecraft:spruce_log":722,"minecraft:birch_leaves":12,"minecraft:grass":31,"minecraft:oak_log":172,"minecraft:coal_ore":26,"minecraft:dark_oak_sign":1,"minecraft:gravel":15,"minecraft:dirt":687,"minecraft:cobweb":1,"minecraft:oak_leaves":2,"minecraft:deepslate":52,"minecraft:fern":6},"minecraft:used":{"minecraft:stone_sword":4,"minecraft:iron_shovel":1073,"minecraft:chest":40,"minecraft:spruce_planks":376,"minecraft:stone":242,"minecraft:iron_sword":96,"minecraft:oak_door":1,"minecraft:torch":79,"minecraft:dirt":282,"alexsmobs:maraca":31,"ironchest:diamond_chest":3,"minecraft:spruce_stairs":6,"minecraft:stone_stairs":36,"minecraft:glass":40,"minecraft:lantern":2,"minecraft:iron_axe":1152,"minecraft:stone_bricks":42,"spartanshields:iron_basic_shield":28,"minecraft:furnace":4,"minecraft:cooked_beef":55,"minecraft:cooked_mutton":1,"minecraft:water_bucket":18,"minecraft:cobblestone_stairs":27,"minecraft:stone_pickaxe":100,"minecraft:wooden_pickaxe":32,"minecraft:spruce_sign":2,"minecraft:crafting_table":7,"minecraft:white_bed":2,"minecraft:stone_brick_wall":25,"minecraft:spruce_log":238,"minecraft:smoker":2,"iceandfire:silver_pickaxe":464,"minecraft:oak_log":56,"minecraft:iron_pickaxe":234,"minecraft:stone_axe":14,"minecraft:diamond_sword":18,"globalxp:xp_block":2,"minecraft:cobblestone":226,"minecraft:bucket":19},"minecraft:picked_up":{"minecraft:crafting_table":5,"minecraft:iron_chestplate":1,"alexsmobs:maraca":3,"minecraft:clay_ball":68,"minecraft:diamond_sword":1,"minecraft:stone_slab":1,"minecraft:stone_brick_wall":3,"gravestone:obituary":1,"minecraft:stone_stairs":26,"minecraft:iron_axe":1,"minecraft:moss_carpet":4,"minecraft:string":4,"minecraft:raw_copper":43,"minecraft:iron_leggings":1,"minecraft:iron_shovel":1,"graveyard:corruption":1,"minecraft:cobbled_deepslate":52,"minecraft:spruce_planks":164,"minecraft:beef":68,"minecraft:phantom_membrane":1,"minecraft:poppy":1,"minecraft:iron_pickaxe":1,"globalxp:xp_block":1,"minecraft:chest":25,"alexsmobs:cooked_lobster_tail":2,"minecraft:birch_sapling":8,"minecraft:spruce_trapdoor":10,"minecraft:furnace":2,"minecraft:iron_boots":1,"minecraft:egg":1,"minecraft:stick":89,"minecraft:raw_iron":84,"minecraft:stone":67,"minecraft:oak_door":1,"minecraft:big_dripleaf":2,"minecraft:torch":46,"minecraft:spruce_stairs":2,"minecraft:spruce_fence":6,"minecraft:porkchop":6,"ironchest:gold_chest":2,"ironchest:diamond_chest":3,"minecraft:rotten_flesh":12,"iceandfire:silver_ingot":2,"minecraft:arrow":2,"minecraft:hay_block":1,"minecraft:gold_ingot":11,"minecraft:glow_berries":1,"minecraft:mutton":6,"minecraft:cobblestone":691,"minecraft:white_wool":3,"minecraft:birch_log":16,"minecraft:leather":5,"minecraft:smoker":1,"minecraft:potato":1,"minecraft:flint":3,"minecraft:oak_log":186,"minecraft:dirt":1130,"minecraft:lantern":4,"minecraft:bone":5,"minecraft:apple":3,"minecraft:stone_bricks":12,"minecraft:bow":1,"minecraft:wheat_seeds":11,"alexsmobs:cockroach_wing_fragment":3,"minecraft:iron_ingot":64,"minecraft:dark_oak_sign":1,"minecraft:oak_planks":10,"minecraft:moss_block":1,"minecraft:iron_sword":1,"minecraft:flowering_azalea":1,"spartanshields:iron_tower_shield":1,"minecraft:sweet_berries":12,"minecraft:dandelion":2,"minecraft:gravel":22,"minecraft:spruce_sapling":223,"minecraft:white_bed":1,"minecraft:spruce_log":858,"minecraft:fermented_spider_eye":63,"minecraft:dark_oak_log":28,"minecraft:spider_eye":20,"minecraft:mossy_cobblestone":19,"minecraft:diamond":8,"minecraft:iron_helmet":1,"minecraft:gray_wool":1,"minecraft:emerald":16,"minecraft:oak_sapling":29,"minecraft:coal":336,"iceandfire:raw_silver":6},"minecraft:killed":{"minecraft:spider":2,"graveyard:wraith":2,"minecraft:skeleton":10,"minecraft:chicken":2,"minecraft:drowned":1,"minecraft:pig":2,"graveyard:ghoul":1,"minecraft:creeper":1,"minecraft:sheep":5,"minecraft:zombie":11,"minecraft:cow":3},"minecraft:crafted":{"minecraft:oak_door":3,"minecraft:smooth_stone":2,"minecraft:oak_planks":76,"minecraft:stone_brick_wall":30,"globalxp:xp_block":1,"minecraft:furnace":5,"minecraft:stone":449,"minecraft:cobblestone_stairs":32,"minecraft:iron_bars":16,"minecraft:stone_stairs":12,"minecraft:cooked_mutton":1,"spartanshields:iron_basic_shield":1,"minecraft:glass":42,"minecraft:spruce_stairs":8,"minecraft:iron_boots":1,"minecraft:iron_axe":5,"minecraft:stone_pickaxe":1,"minecraft:chest":39,"minecraft:stone_bricks":64,"minecraft:smoker":2,"minecraft:cooked_beef":58,"minecraft:diamond_sword":1,"minecraft:spruce_sign":3,"iceandfire:silver_ingot":1,"minecraft:crafting_table":4,"minecraft:spruce_planks":760,"minecraft:wooden_pickaxe":1,"minecraft:iron_helmet":1,"minecraft:iron_sword":1,"minecraft:bucket":1,"minecraft:stone_axe":1,"minecraft:air":0,"minecraft:iron_chestplate":1,"minecraft:stick":32,"minecraft:iron_ingot":45,"minecraft:iron_pickaxe":1,"minecraft:stone_sword":1,"minecraft:iron_shovel":6,"minecraft:iron_leggings":1,"spartanshields:wooden_basic_shield":1,"minecraft:white_bed":1,"minecraft:torch":60,"iceandfire:silver_pickaxe":1},"minecraft:custom":{"minecraft:mob_kills":42,"minecraft:interact_with_crafting_table":56,"minecraft:open_barrel":8,"minecraft:leave_game":3,"minecraft:time_since_death":251141,"minecraft:climb_one_cm":1921,"minecraft:sprint_one_cm":689726,"minecraft:walk_one_cm":888682,"minecraft:damage_blocked_by_shield":1635,"minecraft:drop":31,"minecraft:damage_dealt_absorbed":58,"minecraft:play_time":312010,"minecraft:deaths":1,"minecraft:sneak_time":7922,"minecraft:walk_under_water_one_cm":42380,"minecraft:jump":3204,"minecraft:walk_on_water_one_cm":17104,"minecraft:total_world_time":312010,"minecraft:interact_with_furnace":130,"minecraft:interact_with_loom":2,"minecraft:sleep_in_bed":2,"minecraft:time_since_rest":207489,"minecraft:damage_taken":4132,"minecraft:damage_dealt":7198,"minecraft:swim_one_cm":32019,"minecraft:fly_one_cm":532555,"minecraft:open_chest":147,"minecraft:crouch_one_cm":31997,"minecraft:interact_with_smoker":4,"minecraft:fall_one_cm":73620},"minecraft:dropped":{"minecraft:iron_ingot":23,"spartanshields:iron_tower_shield":1,"minecraft:wheat_seeds":1,"minecraft:diamond":15,"minecraft:iron_helmet":1,"minecraft:spruce_stairs":2,"alexsmobs:maraca":1,"minecraft:cobblestone_stairs":6,"minecraft:dirt":64,"minecraft:iron_leggings":1,"gravestone:obituary":1,"minecraft:phantom_membrane":1,"minecraft:iron_axe":1,"minecraft:iron_pickaxe":1,"minecraft:iron_shovel":2,"minecraft:dandelion":2,"minecraft:raw_iron":43,"minecraft:oak_planks":2,"minecraft:iron_boots":1,"minecraft:pumpkin_seeds":2,"minecraft:diamond_sword":1,"minecraft:spruce_planks":128,"minecraft:iron_chestplate":1,"minecraft:oak_sapling":4}},"DataVersion":3465}